row_index,split
0,train
1,train
2,train
3,train
4,train
5,test
6,train
7,train
8,train
9,train
10,train
11,test
12,test
13,train
14,train
15,test
16,test
17,train
18,test
19,train
20,train
21,train
22,train
23,train
24,train
25,test
26,test
27,train
28,train
29,test
30,train
31,train
32,train
33,test
34,train
35,train
36,train
37,train
38,train
39,train
40,train
41,train
42,train
43,test
44,test
45,train
46,train
47,test
48,train
49,train
50,train
51,train
52,train
53,test
54,train
55,train
56,train
57,train
58,train
59,train
60,train
61,train
62,train
63,test
64,train
65,train
66,train
67,train
68,train
69,train
70,train
71,test
72,train
73,train
74,train
75,test
76,train
77,train
78,train
79,train
80,train
81,train
82,train
83,train
84,train
85,train
86,train
87,train
88,train
89,test
90,train
91,train
92,train
93,train
94,train
95,train
96,train
97,train
98,test
99,train
100,train
101,train
102,test
103,train
104,train
105,train
106,train
107,train
108,train
109,train
110,train
111,train
112,test
113,train
114,train
115,test
116,train
117,train
118,train
119,train
120,test
121,test
122,train
123,train
124,test
125,train
126,train
127,train
128,train
129,test
130,train
131,train
132,train
133,train
134,test
135,test
136,train
137,train
138,train
139,train
140,test
141,train
142,train
143,test
144,test
145,test
146,train
147,test
148,train
149,test
150,train
151,train
152,train
153,train
154,train
155,train
156,train
157,train
158,test
159,train
160,train
161,train
162,test
163,train
164,test
165,test
166,train
167,train
168,train
169,train
170,test
171,train
172,test
173,train
174,train
175,train
176,train
177,train
178,train
179,train
180,train
181,train
182,train
183,train
184,train
185,train
186,test
187,train
188,train
189,train
190,train
191,train
192,train
193,test
194,test
195,train
196,train
197,train
198,train
199,train
200,test
201,train
202,train
203,train
204,train
205,train
206,train
207,train
208,train
209,train
210,train
211,train
212,train
213,train
214,train
215,train
216,train
217,train
218,train
219,train
220,test
221,train
222,train
223,test
224,test
225,train
226,train
227,test
228,train
229,train
230,train
231,train
232,train
233,train
234,train
235,train
236,test
237,train
238,test
239,train
240,test
241,train
242,train
243,train
244,test
245,train
246,train
247,train
248,train
249,train
250,test
251,train
252,test
253,train
254,train
255,train
256,train
257,test
258,train
259,train
260,train
261,test
262,train
263,train
264,train
265,train
266,train
267,train
268,test
269,train
270,train
271,train
272,train
273,train
274,train
275,train
276,train
277,test
278,train
279,train
280,test
281,train
282,test
283,train
284,test
285,train
286,train
287,test
288,train
289,train
290,train
291,train
292,train
293,train
294,train
295,train
296,train
297,test
298,train
299,train
300,train
301,train
302,train
303,test
304,train
305,train
306,train
307,train
308,train
309,train
310,train
311,train
312,train
313,train
314,train
315,test
316,train
317,train
318,train
319,train
320,train
321,train
322,train
323,train
324,train
325,train
326,train
327,train
328,train
329,train
330,train
331,train
332,train
333,train
334,train
335,train
336,train
337,train
338,train
339,train
340,train
341,train
342,train
343,train
344,train
345,train
346,train
347,train
348,train
349,test
350,train
351,train
352,train
353,train
354,test
355,train
356,train
357,train
358,train
359,train
360,train
361,train
362,test
363,train
364,train
365,test
366,train
367,test
368,train
369,train
370,test
371,train
372,train
373,train
374,test
375,test
376,train
377,train
378,train
379,train
380,test
381,train
382,train
383,test
384,train
385,train
386,train
387,test
388,train
389,test
390,train
391,train
392,train
393,train
394,train
395,train
396,train
397,test
398,train
399,test
400,train
401,train
402,train
403,train
404,test
405,train
406,test
407,train
408,train
409,train
410,train
411,train
412,train
413,train
414,test
415,test
416,train
417,train
418,test
419,train
420,train
421,train
422,test
423,train
424,train
425,train
426,train
427,train
428,test
429,train
430,test
431,test
432,train
433,train
434,train
435,train
436,train
437,train
438,train
439,train
440,test
441,train
442,train
443,train
444,train
445,train
446,test
447,train
448,train
449,train
450,train
451,train
452,test
453,test
454,train
455,train
456,test
457,train
458,train
459,train
460,test
461,train
462,test
463,train
464,test
465,train
466,train
467,train
468,train
469,train
470,test
471,train
472,train
473,train
474,train
475,train
476,train
477,test
478,train
479,train
480,train
481,train
482,test
483,train
484,train
485,train
486,train
487,train
488,train
489,test
490,test
491,train
492,train
493,test
494,test
495,test
496,train
497,train
498,train
499,train
500,train
501,train
502,test
503,train
504,train
505,train
506,train
507,train
508,train
509,train
510,train
511,train
512,train
513,train
514,train
515,train
516,train
517,train
518,train
519,test
520,train
521,train
522,train
523,train
524,train
525,test
526,train
527,train
528,test
529,train
530,train
531,train
532,train
533,test
534,train
535,train
536,train
537,train
538,train
539,train
540,train
541,train
542,train
543,train
544,train
545,train
546,train
547,train
548,train
549,train
550,train
551,train
552,train
553,train
554,train
555,test
556,train
557,train
558,train
559,train
560,train
561,train
562,train
563,train
564,train
565,train
566,train
567,train
568,train
569,test
570,test
571,test
572,train
573,train
574,test
575,train
576,train
577,train
578,train
579,test
580,train
581,test
582,test
583,train
584,train
585,train
586,train
587,train
588,test
589,test
590,test
591,train
592,train
593,train
594,train
595,train
596,train
597,train
598,test
599,train
600,train
601,test
602,train
603,train
604,train
605,test
606,train
607,test
608,train
609,train
610,train
611,train
612,train
613,train
614,train
615,train
616,train
617,test
618,train
619,test
620,train
621,train
622,train
623,test
624,train
625,train
626,train
627,train
628,train
629,test
630,train
631,train
632,train
633,train
634,train
635,train
636,train
637,test
638,test
639,train
640,train
641,test
642,train
643,train
644,train
645,train
646,train
647,train
648,test
649,train
650,train
651,train
652,test
653,train
654,test
655,test
656,test
657,test
658,train
659,train
660,train
661,train
662,test
663,train
664,train
665,train
666,train
667,train
668,train
669,train
670,train
671,train
672,train
673,train
674,test
675,train
676,train
677,train
678,train
679,train
680,train
681,train
682,train
683,train
684,test
685,train
686,train
687,train
688,train
689,train
690,train
691,test
692,train
693,train
694,train
695,train
696,train
697,train
698,train
699,train
700,train
701,train
702,test
703,train
704,train
705,train
706,train
707,train
708,train
709,test
710,train
711,train
712,train
713,test
714,train
715,train
716,train
717,test
718,train
719,test
720,train
721,train
722,train
723,train
724,train
725,test
726,train
727,train
728,train
729,train
730,train
731,test
732,test
733,train
734,train
735,train
736,train
737,train
738,train
739,train
740,train
741,train
742,train
743,train
744,train
745,train
746,train
747,train
748,train
749,train
750,test
751,train
752,train
753,test
754,train
755,train
756,train
757,test
758,test
759,train
760,train
761,train
762,test
763,train
764,train
765,train
766,train
767,train
768,train
769,train
770,test
771,train
772,train
773,test
774,train
775,train
776,train
777,train
778,test
779,train
780,train
781,train
782,train
783,test
784,test
785,train
786,train
787,train
788,train
789,train
790,train
791,test
792,train
793,train
794,train
795,test
796,test
797,test
798,train
799,test
800,train
801,train
802,train
803,test
804,train
805,train
806,train
807,test
808,test
809,test
810,test
811,train
812,train
813,train
814,train
815,train
816,train
817,train
818,train
819,train
820,train
821,train
822,train
823,train
824,train
825,test
826,test
827,train
828,train
829,test
830,test
831,train
832,train
833,train
834,test
835,train
836,train
837,test
838,train
839,train
840,test
841,train
842,train
843,test
844,train
845,train
846,train
847,train
848,test
849,train
850,train
851,train
852,train
853,train
854,train
855,train
856,train
857,test
858,train
859,train
860,train
861,train
862,train
863,train
864,train
865,train
866,train
867,train
868,train
869,train
870,train
871,train
872,train
873,train
874,train
875,test
876,train
877,train
878,train
879,test
880,train
881,test
882,train
883,test
884,train
885,train
886,test
887,train
888,train
889,train
890,train
891,test
892,train
893,test
894,train
895,train
896,train
897,train
898,train
899,train
900,train
901,train
902,test
903,train
904,train
905,train
906,train
907,train
908,train
909,train
910,train
911,train
912,train
913,train
914,train
915,test
916,train
917,test
918,test
919,train
920,train
921,train
922,train
923,test
924,train
925,test
926,test
927,train
928,train
929,train
930,train
931,test
932,train
933,train
934,train
935,train
936,train
937,train
938,train
939,train
940,train
941,train
942,train
943,train
944,train
945,train
946,train
947,train
948,train
949,test
950,train
951,train
952,test
953,train
954,train
955,train
956,train
957,train
958,test
959,train
960,train
961,test
962,train
963,train
964,test
965,train
966,train
967,train
968,train
969,test
970,train
971,train
972,test
973,train
974,train
975,test
976,train
977,test
978,test
979,train
980,test
981,test
982,train
983,train
984,train
985,test
986,train
987,train
988,test
989,train
990,train
991,train
992,train
993,train
994,train
995,train
996,train
997,train
998,test
999,test
1000,train
1001,test
1002,train
1003,test
1004,train
1005,train
1006,train
1007,train
1008,train
1009,train
1010,test
1011,test
1012,test
1013,train
1014,train
1015,test
1016,test
1017,train
1018,test
1019,train
1020,train
1021,train
1022,train
1023,train
1024,train
1025,train
1026,train
1027,test
1028,test
1029,test
1030,train
1031,train
1032,test
1033,train
1034,train
1035,train
1036,train
1037,train
1038,train
1039,train
1040,train
1041,train
1042,train
1043,train
1044,test
1045,train
1046,train
1047,train
1048,test
1049,train
1050,train
1051,train
1052,train
1053,test
1054,train
1055,train
1056,train
1057,train
1058,train
1059,train
1060,train
1061,train
1062,train
1063,train
1064,train
1065,train
1066,train
1067,train
1068,train
1069,train
1070,test
1071,train
1072,train
1073,test
1074,train
1075,train
1076,train
1077,train
1078,train
1079,train
1080,train
1081,train
1082,train
1083,test
1084,train
1085,train
1086,test
1087,train
1088,test
1089,train
1090,train
1091,train
1092,test
1093,train
1094,test
1095,train
1096,train
1097,train
1098,train
1099,train
1100,train
1101,train
1102,train
1103,train
1104,train
1105,train
1106,test
1107,train
1108,train
1109,train
1110,train
1111,train
1112,train
1113,train
1114,train
1115,train
1116,test
1117,train
1118,train
1119,test
1120,train
1121,train
1122,train
1123,train
1124,train
1125,train
1126,train
1127,train
1128,train
1129,test
1130,test
1131,train
1132,train
1133,train
1134,train
1135,train
1136,train
1137,train
1138,train
1139,test
1140,train
1141,train
1142,train
1143,train
1144,train
1145,train
1146,train
1147,test
1148,test
1149,train
1150,train
1151,test
1152,train
1153,train
1154,train
1155,train
1156,train
1157,train
1158,train
1159,train
1160,train
1161,test
1162,train
1163,train
1164,test
1165,train
1166,train
1167,train
1168,train
1169,test
1170,test
1171,train
1172,train
1173,train
1174,train
1175,train
1176,train
1177,train
1178,train
1179,train
1180,train
1181,train
1182,test
1183,train
1184,train
1185,train
1186,train
1187,test
1188,train
1189,train
1190,train
1191,train
1192,train
1193,train
1194,train
1195,train
1196,train
1197,train
1198,test
1199,train
1200,train
1201,train
1202,train
1203,test
1204,test
1205,train
1206,train
1207,train
1208,train
1209,train
1210,train
1211,train
1212,test
1213,test
1214,train
1215,train
1216,test
1217,test
1218,train
1219,train
1220,test
1221,train
1222,train
1223,train
1224,train
1225,test
1226,train
1227,train
1228,train
1229,train
1230,train
1231,train
1232,train
1233,train
1234,train
1235,test
1236,train
1237,test
1238,train
1239,train
1240,test
1241,train
1242,train
1243,train
1244,train
1245,train
1246,train
1247,train
1248,train
1249,train
1250,train
1251,train
1252,train
1253,test
1254,train
1255,train
1256,test
1257,train
1258,train
1259,train
1260,test
1261,train
1262,test
1263,train
1264,train
1265,train
1266,train
1267,train
1268,test
1269,train
1270,train
1271,test
1272,test
1273,train
1274,train
1275,train
1276,train
1277,train
1278,train
1279,test
1280,train
1281,train
1282,train
1283,train
1284,train
1285,train
1286,test
1287,train
1288,train
1289,train
1290,train
1291,train
1292,train
1293,test
1294,train
1295,train
1296,train
1297,train
1298,train
1299,train
1300,train
1301,train
1302,train
1303,train
1304,train
1305,train
1306,train
1307,test
1308,train
1309,train
1310,test
1311,test
1312,train
1313,train
1314,test
1315,train
1316,test
1317,train
1318,train
1319,train
1320,train
1321,train
1322,train
1323,test
1324,train
1325,test
1326,train
1327,train
1328,train
1329,train
1330,train
1331,train
1332,train
1333,train
1334,test
1335,train
1336,test
1337,test
1338,train
1339,test
1340,test
1341,train
1342,train
1343,train
1344,train
1345,train
1346,train
1347,train
1348,train
1349,train
1350,test
1351,train
1352,train
1353,train
1354,test
1355,train
1356,test
1357,test
1358,test
1359,train
1360,test
1361,train
1362,test
1363,train
1364,train
1365,train
1366,train
1367,train
1368,train
1369,train
1370,train
1371,train
1372,train
1373,train
1374,train
1375,train
1376,train
1377,train
1378,test
1379,train
1380,train
1381,train
1382,train
1383,train
1384,train
1385,train
1386,train
1387,test
1388,train
1389,train
1390,test
1391,train
1392,train
1393,train
1394,train
1395,train
1396,train
1397,train
1398,train
1399,train
1400,train
1401,train
1402,train
1403,train
1404,test
1405,test
1406,train
1407,train
1408,train
1409,train
1410,train
1411,test
1412,train
1413,train
1414,train
1415,train
1416,test
1417,train
1418,train
1419,train
1420,train
1421,train
1422,test
1423,train
1424,test
1425,train
1426,train
1427,train
1428,train
1429,train
1430,train
1431,train
1432,train
1433,train
1434,train
1435,train
1436,train
1437,train
1438,train
1439,train
1440,train
1441,train
1442,train
1443,train
1444,train
1445,train
1446,train
1447,test
1448,train
1449,train
1450,test
1451,train
1452,train
1453,train
1454,test
1455,train
1456,train
1457,train
1458,train
1459,test
1460,train
1461,train
1462,train
1463,train
1464,train
1465,train
1466,train
1467,train
1468,test
1469,train
1470,train
1471,test
1472,train
1473,train
1474,train
1475,test
1476,train
1477,train
1478,train
1479,train
1480,train
1481,test
1482,test
1483,train
1484,train
1485,test
1486,train
1487,train
1488,train
1489,train
1490,train
1491,train
1492,train
1493,train
1494,train
1495,train
1496,train
1497,test
1498,train
1499,train
1500,train
1501,train
1502,train
1503,train
1504,train
1505,train
1506,train
1507,train
1508,train
1509,train
1510,test
1511,train
1512,train
1513,test
1514,test
1515,train
1516,train
1517,test
1518,train
1519,train
1520,train
1521,train
1522,train
1523,train
1524,train
1525,train
1526,train
1527,test
1528,train
1529,train
1530,train
1531,train
1532,test
1533,train
1534,test
1535,train
1536,train
1537,train
1538,test
1539,train
1540,train
1541,train
1542,train
1543,train
1544,train
1545,train
1546,test
1547,train
1548,train
1549,test
1550,train
1551,train
1552,train
1553,test
1554,train
1555,test
1556,train
1557,test
1558,train
1559,train
1560,train
1561,train
1562,train
1563,train
1564,train
1565,train
1566,train
1567,train
1568,train
1569,train
1570,test
1571,train
1572,train
1573,train
1574,train
1575,train
1576,train
1577,train
1578,test
1579,train
1580,test
1581,train
1582,train
1583,train
1584,train
1585,train
1586,train
1587,train
1588,train
1589,train
1590,train
1591,train
1592,train
1593,train
1594,train
1595,train
1596,train
1597,train
1598,train
1599,test
1600,train
1601,train
1602,train
1603,train
1604,train
1605,train
1606,train
1607,train
1608,train
1609,test
1610,train
1611,train
1612,train
1613,train
1614,train
1615,test
1616,train
1617,train
1618,test
1619,train
1620,test
1621,train
1622,train
1623,train
1624,train
1625,test
1626,train
1627,train
1628,train
1629,train
1630,test
1631,train
1632,train
1633,test
1634,train
1635,test
1636,train
1637,train
1638,train
1639,train
1640,train
1641,test
1642,train
1643,train
1644,train
1645,train
1646,train
1647,train
1648,train
1649,train
1650,train
1651,train
1652,train
1653,train
1654,train
1655,train
1656,train
1657,test
1658,train
1659,train
1660,train
1661,train
1662,train
1663,train
1664,train
1665,test
1666,train
1667,train
1668,train
1669,train
1670,train
1671,test
1672,train
1673,train
1674,test
1675,train
1676,test
1677,test
1678,train
1679,train
1680,train
1681,test
1682,train
1683,train
1684,train
1685,test
1686,train
1687,train
1688,train
1689,test
1690,train
1691,train
1692,train
1693,train
1694,train
1695,train
1696,train
1697,train
1698,test
1699,train
1700,train
1701,train
1702,train
1703,train
1704,train
1705,train
1706,train
1707,train
1708,train
1709,train
1710,train
1711,train
1712,train
1713,train
1714,train
1715,train
1716,train
1717,train
1718,train
1719,test
1720,train
1721,train
1722,train
1723,train
1724,train
1725,train
1726,train
1727,test
1728,train
1729,test
1730,train
1731,train
1732,test
1733,train
1734,train
1735,train
1736,train
1737,train
1738,train
1739,train
1740,train
1741,train
1742,train
1743,test
1744,train
1745,test
1746,train
1747,train
1748,train
1749,train
1750,train
1751,train
1752,train
1753,train
1754,train
1755,train
1756,test
1757,train
1758,train
1759,train
1760,test
1761,train
1762,train
1763,train
1764,train
1765,train
1766,train
1767,test
1768,train
1769,train
1770,train
1771,train
1772,train
1773,train
1774,test
1775,train
1776,test
1777,train
1778,test
1779,train
1780,train
1781,train
1782,test
1783,train
1784,train
1785,train
1786,train
1787,train
1788,train
1789,train
1790,train
1791,test
1792,train
1793,train
1794,train
1795,test
1796,train
1797,train
1798,train
1799,train
1800,train
1801,train
1802,train
1803,train
1804,train
1805,train
1806,train
1807,train
1808,test
1809,train
1810,train
1811,train
1812,test
1813,train
1814,train
1815,train
1816,train
1817,test
1818,test
1819,train
1820,train
1821,train
1822,train
1823,train
1824,test
1825,train
1826,train
1827,test
1828,train
1829,train
1830,train
1831,train
1832,train
1833,train
1834,train
1835,train
1836,train
1837,train
1838,train
1839,train
1840,test
1841,train
1842,train
1843,train
1844,train
1845,test
1846,train
1847,train
1848,test
1849,train
1850,test
1851,train
1852,train
1853,test
1854,train
1855,train
1856,train
1857,test
1858,train
1859,test
1860,train
1861,train
1862,test
1863,train
1864,train
1865,train
1866,train
1867,train
1868,test
1869,train
1870,train
1871,train
1872,test
1873,test
1874,test
1875,train
1876,train
1877,train
1878,test
1879,train
1880,train
1881,train
1882,train
1883,train
1884,train
1885,test
1886,train
1887,train
1888,train
1889,train
1890,train
1891,train
1892,train
1893,train
1894,train
1895,train
1896,train
1897,train
1898,train
1899,train
1900,train
1901,train
1902,train
1903,test
1904,train
1905,train
1906,train
1907,train
1908,train
1909,train
1910,train
1911,train
1912,train
1913,train
1914,train
1915,train
1916,train
1917,train
1918,train
1919,train
1920,train
1921,train
1922,train
1923,test
1924,test
1925,train
1926,train
1927,train
1928,train
1929,train
1930,train
1931,train
1932,train
1933,test
1934,train
1935,test
1936,train
1937,train
1938,train
1939,train
1940,train
1941,train
1942,train
1943,train
1944,train
1945,train
1946,test
1947,train
1948,train
1949,train
1950,train
1951,train
1952,train
1953,train
1954,train
1955,train
1956,train
1957,train
1958,train
1959,train
1960,train
1961,train
1962,train
1963,test
1964,train
1965,train
1966,train
1967,test
1968,train
1969,train
1970,train
1971,train
1972,train
1973,train
1974,train
1975,train
1976,train
1977,train
1978,train
1979,train
1980,train
1981,train
1982,train
1983,test
1984,train
1985,test
1986,test
1987,train
1988,test
1989,train
1990,train
1991,train
1992,train
1993,train
1994,test
1995,test
1996,test
1997,train
1998,train
1999,test
2000,train
2001,train
2002,test
2003,train
2004,train
2005,train
2006,test
2007,train
2008,train
2009,train
2010,train
2011,train
2012,test
2013,train
2014,train
2015,test
2016,train
2017,train
2018,train
2019,train
2020,train
2021,train
2022,train
2023,test
2024,train
2025,train
2026,train
2027,train
2028,train
2029,test
2030,test
2031,train
2032,train
2033,test
2034,train
2035,train
2036,train
2037,train
2038,train
2039,train
2040,train
2041,train
2042,train
2043,train
2044,train
2045,train
2046,train
2047,train
2048,train
2049,train
2050,train
2051,train
2052,train
2053,train
2054,train
2055,train
2056,train
2057,train
2058,test
2059,test
2060,train
2061,train
2062,train
2063,train
2064,train
2065,train
2066,test
2067,train
2068,train
2069,test
2070,test
2071,test
2072,train
2073,train
2074,train
2075,test
2076,train
2077,train
2078,train
2079,train
2080,train
2081,train
2082,train
2083,train
2084,train
2085,train
2086,train
2087,train
2088,train
2089,train
2090,train
2091,train
2092,test
2093,test
2094,test
2095,train
2096,train
2097,train
2098,train
2099,train
2100,train
2101,test
2102,train
2103,train
2104,test
2105,train
2106,train
2107,train
2108,train
2109,train
2110,test
2111,test
2112,train
2113,train
2114,train
2115,train
2116,train
2117,train
2118,test
2119,train
2120,train
2121,train
2122,test
2123,train
2124,test
2125,train
2126,train
2127,train
2128,train
2129,test
2130,train
2131,test
2132,train
2133,train
2134,train
2135,train
2136,train
2137,train
2138,train
2139,train
2140,train
2141,train
2142,train
2143,train
2144,train
2145,train
2146,train
2147,train
2148,train
2149,test
2150,train
2151,train
2152,train
2153,train
2154,test
2155,train
2156,train
2157,train
2158,train
2159,train
2160,train
2161,train
2162,train
2163,train
2164,train
2165,train
2166,train
2167,train
2168,train
2169,train
2170,test
2171,test
2172,train
2173,train
2174,train
2175,train
2176,train
2177,train
2178,train
2179,train
2180,train
2181,train
2182,train
2183,train
2184,train
2185,train
2186,train
2187,train
2188,train
2189,test
2190,train
2191,train
2192,train
2193,train
2194,train
2195,train
2196,test
2197,train
2198,train
2199,train
2200,train
2201,train
2202,train
2203,train
2204,test
2205,train
2206,test
2207,train
2208,train
2209,train
2210,test
2211,train
2212,train
2213,train
2214,test
2215,train
2216,train
2217,train
2218,train
2219,train
2220,train
2221,train
2222,train
2223,train
2224,train
2225,train
2226,test
2227,train
2228,train
2229,train
2230,train
2231,test
2232,train
2233,test
2234,train
2235,train
2236,train
2237,train
2238,train
2239,train
2240,train
2241,train
2242,train
2243,train
2244,test
2245,train
2246,train
2247,train
2248,test
2249,train
2250,train
2251,train
2252,train
2253,test
2254,test
2255,train
2256,train
2257,test
2258,train
2259,train
2260,test
2261,train
2262,train
2263,train
2264,test
2265,train
2266,train
2267,train
2268,train
2269,train
2270,train
2271,train
2272,train
2273,test
2274,train
2275,train
2276,train
2277,train
2278,train
2279,train
2280,train
2281,test
2282,train
2283,train
2284,train
2285,train
2286,test
2287,train
2288,test
2289,train
2290,train
2291,train
2292,train
2293,train
2294,train
2295,train
2296,train
2297,train
2298,train
2299,train
2300,train
2301,train
2302,train
2303,train
2304,train
2305,train
2306,train
2307,train
2308,train
2309,train
2310,train
2311,train
2312,train
2313,train
2314,train
2315,train
2316,train
2317,train
2318,train
2319,train
2320,train
2321,train
2322,train
2323,train
2324,test
2325,train
2326,train
2327,train
2328,train
2329,train
2330,train
2331,train
2332,train
2333,train
2334,train
2335,test
2336,test
2337,train
2338,train
2339,test
2340,train
2341,train
2342,train
2343,test
2344,train
2345,train
2346,test
2347,train
2348,train
2349,train
2350,train
2351,train
2352,train
2353,train
2354,train
2355,train
2356,train
2357,test
2358,train
2359,train
2360,train
2361,test
2362,train
2363,train
2364,train
2365,train
2366,train
2367,train
2368,test
2369,train
2370,train
2371,test
2372,train
2373,test
2374,train
2375,train
2376,train
2377,train
2378,train
2379,test
2380,train
2381,test
2382,test
2383,train
2384,train
2385,train
2386,train
2387,train
2388,train
2389,train
2390,train
2391,train
2392,test
2393,test
2394,test
2395,train
2396,train
2397,train
2398,train
2399,train
2400,train
2401,train
2402,train
2403,train
2404,train
2405,test
2406,test
2407,train
2408,test
2409,train
2410,train
2411,train
2412,train
2413,train
2414,train
2415,train
2416,train
2417,train
2418,train
2419,train
2420,train
2421,train
2422,train
2423,train
2424,train
2425,train
2426,train
2427,train
2428,test
2429,train
2430,train
2431,test
2432,test
2433,train
2434,train
2435,train
2436,train
2437,train
2438,test
2439,train
2440,train
2441,train
2442,train
2443,test
2444,train
2445,train
2446,train
2447,train
2448,train
2449,test
2450,train
2451,train
2452,train
2453,train
2454,train
2455,train
2456,train
2457,train
2458,train
2459,train
2460,train
2461,train
2462,train
2463,train
2464,test
2465,train
2466,train
2467,train
2468,train
2469,test
2470,train
2471,train
2472,test
2473,train
2474,train
2475,test
2476,train
2477,test
2478,train
2479,train
2480,train
2481,train
2482,train
2483,train
2484,train
2485,test
2486,train
2487,train
2488,train
2489,train
2490,train
2491,train
2492,test
2493,train
2494,train
2495,train
2496,train
2497,train
2498,train
2499,train
2500,train
2501,train
2502,train
2503,train
2504,test
2505,train
2506,train
2507,test
2508,train
2509,train
2510,train
2511,train
2512,train
2513,train
2514,test
2515,test
2516,train
2517,train
2518,train
2519,train
2520,train
2521,train
2522,train
2523,train
2524,train
2525,train
2526,train
2527,train
2528,test
2529,train
2530,train
2531,train
2532,test
2533,train
2534,train
2535,test
2536,test
2537,train
2538,train
2539,train
2540,test
2541,train
2542,test
2543,train
2544,test
2545,train
2546,train
2547,train
2548,train
2549,train
2550,train
2551,train
2552,train
2553,train
2554,train
2555,train
2556,train
2557,test
2558,train
2559,train
2560,train
2561,train
2562,train
2563,train
2564,train
2565,train
2566,train
2567,test
2568,test
2569,train
2570,train
2571,train
2572,train
2573,train
2574,train
2575,train
2576,train
2577,train
2578,test
2579,train
2580,train
2581,train
2582,test
2583,train
2584,train
2585,test
2586,test
2587,train
2588,train
2589,train
2590,train
2591,test
2592,test
2593,train
2594,train
2595,train
2596,train
2597,test
2598,train
2599,train
2600,train
2601,test
2602,train
2603,train
2604,train
2605,train
2606,train
2607,train
2608,train
2609,test
2610,train
2611,train
2612,train
2613,train
2614,train
2615,train
2616,train
2617,train
2618,train
2619,train
2620,train
2621,train
2622,test
2623,train
2624,train
2625,train
2626,train
2627,train
2628,train
2629,test
2630,train
2631,train
2632,train
2633,train
2634,train
2635,test
2636,train
2637,test
2638,test
2639,test
2640,train
2641,train
2642,train
2643,test
2644,test
2645,train
2646,train
2647,train
2648,train
2649,train
2650,train
2651,train
2652,train
2653,test
2654,train
2655,train
2656,train
2657,train
2658,train
2659,train
2660,train
2661,train
2662,test
2663,train
2664,train
2665,train
2666,test
2667,train
2668,train
2669,train
2670,train
2671,train
2672,train
2673,test
2674,train
2675,train
2676,train
2677,train
2678,train
2679,train
2680,train
2681,train
2682,train
2683,test
2684,test
2685,train
2686,train
2687,train
2688,train
2689,train
2690,train
2691,test
2692,test
2693,train
2694,test
2695,train
2696,test
2697,train
2698,train
2699,test
2700,train
2701,test
2702,train
2703,train
2704,train
2705,train
2706,train
2707,train
2708,train
2709,train
2710,train
2711,train
2712,train
2713,train
2714,train
2715,test
2716,train
2717,train
2718,train
2719,train
2720,test
2721,train
2722,test
2723,test
2724,train
2725,train
2726,train
2727,train
2728,train
2729,test
2730,train
2731,train
2732,test
2733,train
2734,train
2735,train
2736,train
2737,train
2738,train
2739,test
2740,train
2741,test
2742,train
2743,train
2744,train
2745,test
2746,train
2747,test
2748,train
2749,train
2750,train
2751,train
2752,train
2753,train
2754,train
2755,train
2756,train
2757,train
2758,train
2759,train
2760,train
2761,train
2762,train
2763,test
2764,test
2765,train
2766,train
2767,train
2768,test
2769,train
2770,test
2771,train
2772,train
2773,train
2774,train
2775,train
2776,train
2777,train
2778,train
2779,train
2780,train
2781,train
2782,train
2783,test
2784,train
2785,train
2786,train
2787,test
2788,test
2789,train
2790,train
2791,test
2792,train
2793,test
2794,train
2795,train
2796,train
2797,test
2798,train
2799,train
2800,train
2801,train
2802,train
2803,train
2804,train
2805,train
2806,train
2807,train
2808,train
2809,train
2810,train
2811,train
2812,test
2813,train
2814,train
2815,test
2816,train
2817,train
2818,train
2819,test
2820,test
2821,train
2822,test
2823,test
2824,train
2825,test
2826,train
2827,train
2828,test
2829,train
2830,train
2831,train
2832,train
2833,train
2834,train
2835,test
2836,train
2837,train
2838,train
2839,train
2840,test
2841,train
2842,train
2843,train
2844,test
2845,train
2846,train
2847,train
2848,train
2849,test
2850,train
2851,train
2852,train
2853,test
2854,train
2855,train
2856,train
2857,train
2858,test
2859,train
2860,test
2861,test
2862,train
2863,train
2864,test
2865,train
2866,train
2867,train
2868,train
2869,train
2870,train
2871,train
2872,train
2873,train
2874,train
2875,train
2876,train
2877,train
2878,train
2879,train
2880,train
2881,test
2882,train
2883,train
2884,test
2885,test
2886,train
2887,train
2888,train
2889,train
2890,test
2891,train
2892,train
2893,train
2894,train
2895,train
2896,train
2897,test
2898,train
2899,train
2900,train
2901,train
2902,train
2903,train
2904,train
2905,train
2906,train
2907,train
2908,train
2909,train
2910,train
2911,train
2912,train
2913,train
2914,test
2915,train
2916,train
2917,train
2918,train
2919,train
2920,train
2921,train
2922,train
2923,train
2924,train
2925,train
2926,train
2927,train
2928,test
2929,test
2930,train
2931,test
2932,test
2933,train
2934,test
2935,test
2936,train
2937,train
2938,test
2939,train
2940,train
2941,train
2942,train
2943,train
2944,train
2945,test
2946,test
2947,train
2948,train
2949,train
2950,test
2951,test
2952,train
2953,train
2954,train
2955,train
2956,train
2957,train
2958,train
2959,train
2960,train
2961,train
2962,train
2963,train
2964,train
2965,train
2966,train
2967,train
2968,train
2969,train
2970,train
2971,train
2972,train
2973,train
2974,train
2975,train
2976,train
2977,train
2978,train
2979,train
2980,train
2981,train
2982,train
2983,train
2984,train
2985,train
2986,train
2987,test
2988,train
2989,test
2990,train
2991,test
2992,train
2993,train
2994,train
2995,train
2996,train
2997,train
2998,train
2999,train
3000,train
3001,train
3002,train
3003,train
3004,train
3005,train
3006,train
3007,train
3008,test
3009,train
3010,test
3011,train
3012,train
3013,train
3014,test
3015,train
3016,test
3017,test
3018,train
3019,test
3020,train
3021,train
3022,train
3023,test
3024,test
3025,test
3026,train
3027,train
3028,train
3029,test
3030,train
3031,train
3032,train
3033,train
3034,train
3035,test
3036,test
3037,train
3038,test
3039,train
3040,train
3041,train
3042,train
3043,train
3044,train
3045,train
3046,train
3047,train
3048,train
3049,train
3050,train
3051,train
3052,train
3053,test
3054,train
3055,train
3056,train
3057,train
3058,train
3059,train
3060,test
3061,train
3062,train
3063,train
3064,train
3065,train
3066,train
3067,train
3068,train
3069,train
3070,train
3071,test
3072,train
3073,train
3074,test
3075,train
3076,train
3077,train
3078,train
3079,train
3080,train
3081,train
3082,train
3083,test
3084,train
3085,train
3086,test
3087,test
3088,train
3089,train
3090,train
3091,train
3092,train
3093,train
3094,train
3095,train
3096,train
3097,train
3098,train
3099,train
3100,train
3101,train
3102,train
3103,train
3104,train
3105,train
3106,train
3107,train
3108,train
3109,train
3110,train
3111,train
3112,test
3113,train
3114,train
3115,train
3116,train
3117,test
3118,train
3119,test
3120,train
3121,test
3122,train
3123,test
3124,train
3125,test
3126,train
3127,train
3128,train
3129,train
3130,train
3131,train
3132,train
3133,train
3134,train
3135,train
3136,test
3137,train
3138,train
3139,train
3140,train
3141,train
3142,train
3143,train
3144,test
3145,test
3146,train
3147,train
3148,test
3149,train
3150,train
3151,test
3152,train
3153,train
3154,train
3155,train
3156,train
3157,train
3158,train
3159,train
3160,test
3161,train
3162,train
3163,train
3164,train
3165,test
3166,train
3167,train
3168,train
3169,test
3170,train
3171,train
3172,train
3173,train
3174,train
3175,test
3176,train
3177,test
3178,train
3179,train
3180,test
3181,test
3182,train
3183,test
3184,train
3185,train
3186,train
3187,test
3188,train
3189,train
3190,train
3191,train
3192,train
3193,test
3194,train
3195,train
3196,train
3197,train
3198,test
3199,train
3200,test
3201,test
3202,train
3203,train
3204,train
3205,train
3206,train
3207,train
3208,train
3209,train
3210,train
3211,test
3212,train
3213,train
3214,train
3215,train
3216,train
3217,test
3218,train
3219,train
3220,train
3221,train
3222,test
3223,train
3224,train
3225,train
3226,train
3227,test
3228,train
3229,train
3230,train
3231,train
3232,test
3233,train
3234,test
3235,train
3236,train
3237,train
3238,test
3239,train
3240,train
3241,train
3242,train
3243,train
3244,train
3245,train
3246,train
3247,train
3248,train
3249,train
3250,train
3251,train
3252,train
3253,test
3254,train
3255,train
3256,test
3257,test
3258,train
3259,train
3260,train
3261,train
3262,train
3263,train
3264,train
3265,test
3266,train
3267,train
3268,train
3269,train
3270,train
3271,train
3272,train
3273,train
3274,train
3275,train
3276,train
3277,train
3278,test
3279,train
3280,train
3281,train
3282,train
3283,train
3284,train
3285,train
3286,train
3287,train
3288,train
3289,train
3290,train
3291,train
3292,train
3293,train
3294,train
3295,train
3296,train
3297,train
3298,train
3299,train
3300,train
3301,train
3302,train
3303,train
3304,train
3305,train
3306,train
3307,train
3308,train
3309,train
3310,train
3311,train
3312,train
3313,train
3314,test
3315,train
3316,train
3317,train
3318,train
3319,train
3320,train
3321,train
3322,train
3323,train
3324,train
3325,train
3326,train
3327,train
3328,train
3329,test
3330,train
3331,train
3332,train
3333,train
3334,train
3335,train
3336,train
3337,train
3338,train
3339,test
3340,train
3341,train
3342,train
3343,train
3344,train
3345,train
3346,train
3347,test
3348,train
3349,train
3350,test
3351,train
3352,train
3353,test
3354,train
3355,train
3356,train
3357,train
3358,train
3359,train
3360,train
3361,train
3362,test
3363,train
3364,test
3365,train
3366,train
3367,train
3368,train
3369,test
3370,train
3371,train
3372,train
3373,train
3374,train
3375,train
3376,train
3377,train
3378,train
3379,train
3380,train
3381,train
3382,train
3383,train
3384,train
3385,test
3386,train
3387,train
3388,train
3389,train
3390,train
3391,train
3392,train
3393,train
3394,train
3395,train
3396,test
3397,test
3398,test
3399,train
3400,test
3401,train
3402,train
3403,train
3404,train
3405,train
3406,train
3407,train
3408,train
3409,test
3410,train
3411,test
3412,train
3413,train
3414,train
3415,train
3416,train
3417,train
3418,train
3419,train
3420,train
3421,train
3422,train
3423,train
3424,test
3425,train
3426,train
3427,train
3428,train
3429,train
3430,train
3431,train
3432,train
3433,train
3434,train
3435,train
3436,train
3437,test
3438,train
3439,test
3440,test
3441,train
3442,test
3443,test
3444,train
3445,train
3446,train
3447,train
3448,train
3449,train
3450,test
3451,train
3452,train
3453,train
3454,test
3455,train
3456,train
3457,train
3458,train
3459,train
3460,train
3461,train
3462,train
3463,train
3464,train
3465,train
3466,test
3467,train
3468,train
3469,train
3470,train
3471,train
3472,test
3473,test
3474,test
3475,train
3476,train
3477,train
3478,train
3479,train
3480,train
3481,train
3482,train
3483,train
3484,train
3485,train
3486,train
3487,train
3488,test
3489,train
3490,train
3491,train
3492,train
3493,train
3494,test
3495,train
3496,train
3497,train
3498,train
3499,train
3500,test
3501,train
3502,test
3503,train
3504,test
3505,test
3506,train
3507,train
3508,test
3509,train
3510,train
3511,train
3512,train
3513,train
3514,test
3515,test
3516,train
3517,test
3518,train
3519,train
3520,train
3521,train
3522,train
3523,train
3524,train
3525,train
3526,train
3527,train
3528,train
3529,train
3530,train
3531,train
3532,test
3533,test
3534,train
3535,train
3536,train
3537,test
3538,train
3539,train
3540,train
3541,train
3542,test
3543,train
3544,train
3545,train
3546,train
3547,test
3548,test
3549,test
3550,train
3551,test
3552,train
3553,train
3554,test
3555,test
3556,test
3557,train
3558,train
3559,train
3560,train
3561,train
3562,test
3563,train
3564,train
3565,test
3566,train
3567,train
3568,train
3569,train
3570,train
3571,train
3572,train
3573,train
3574,train
3575,train
3576,test
3577,train
3578,train
3579,train
3580,train
3581,train
3582,train
3583,train
3584,test
3585,train
3586,train
3587,train
3588,test
3589,train
3590,train
3591,test
3592,train
3593,test
3594,train
3595,train
3596,train
3597,train
3598,train
3599,train
3600,train
3601,train
3602,test
3603,test
3604,train
3605,train
3606,train
3607,train
3608,train
3609,train
3610,train
3611,train
3612,train
3613,train
3614,train
3615,train
3616,train
3617,train
3618,train
3619,train
3620,train
3621,train
3622,test
3623,train
3624,train
3625,train
3626,test
3627,train
3628,test
3629,train
3630,test
3631,train
3632,train
3633,train
3634,train
3635,train
3636,train
3637,train
3638,train
3639,train
3640,train
3641,train
3642,train
3643,train
3644,train
3645,train
3646,train
3647,train
3648,train
3649,train
3650,train
3651,train
3652,train
3653,train
3654,train
3655,train
3656,train
3657,train
3658,train
3659,train
3660,train
3661,test
3662,train
3663,test
3664,train
3665,train
3666,train
3667,train
3668,train
3669,train
3670,train
3671,test
3672,train
3673,train
3674,train
3675,test
3676,train
3677,train
3678,train
3679,test
3680,train
3681,train
3682,train
3683,train
3684,train
3685,test
3686,train
3687,train
3688,test
3689,train
3690,train
3691,train
3692,test
3693,test
3694,train
3695,train
3696,test
3697,test
3698,train
3699,train
3700,train
3701,train
3702,train
3703,test
3704,train
3705,train
3706,train
3707,test
3708,train
3709,train
3710,test
3711,train
3712,test
3713,train
3714,train
3715,train
3716,train
3717,test
3718,train
3719,train
3720,train
3721,test
3722,test
3723,test
3724,train
3725,test
3726,test
3727,train
3728,train
3729,train
3730,train
3731,train
3732,test
3733,train
3734,test
3735,train
3736,train
3737,train
3738,train
3739,train
3740,train
3741,train
3742,train
3743,train
3744,train
3745,train
3746,train
3747,train
3748,train
3749,train
3750,train
3751,train
3752,train
3753,train
3754,train
3755,train
3756,test
3757,train
3758,train
3759,train
3760,train
3761,train
3762,train
3763,train
3764,test
3765,train
3766,train
3767,train
3768,test
3769,train
3770,test
3771,train
3772,train
3773,train
3774,train
3775,test
3776,train
3777,test
3778,train
3779,train
3780,train
3781,train
3782,train
3783,train
3784,train
3785,train
3786,test
3787,train
3788,train
3789,test
3790,train
3791,train
3792,train
3793,train
3794,train
3795,train
3796,train
3797,train
3798,train
3799,test
3800,test
3801,train
3802,train
3803,train
3804,train
3805,train
3806,train
3807,train
3808,train
3809,train
3810,train
3811,train
3812,train
3813,test
3814,train
3815,train
3816,train
3817,train
3818,train
3819,train
3820,train
3821,train
3822,train
3823,train
3824,test
3825,train
3826,train
3827,test
3828,test
3829,train
3830,train
3831,train
3832,train
3833,train
3834,train
3835,train
3836,train
3837,test
3838,test
3839,test
3840,train
3841,train
3842,train
3843,train
3844,test
3845,test
3846,train
3847,train
3848,train
3849,train
3850,test
3851,test
3852,train
3853,test
3854,train
3855,test
3856,train
3857,train
3858,train
3859,test
3860,train
3861,train
3862,train
3863,test
3864,train
3865,test
3866,test
3867,test
3868,train
3869,test
3870,train
3871,train
3872,train
3873,train
3874,train
3875,train
3876,train
3877,train
3878,train
3879,train
3880,train
3881,train
3882,train
3883,train
3884,train
3885,train
3886,test
3887,train
3888,train
3889,train
3890,train
3891,train
3892,train
3893,train
3894,train
3895,test
3896,test
3897,train
3898,train
3899,train
3900,train
3901,train
3902,train
3903,train
3904,test
3905,train
3906,train
3907,test
3908,test
3909,train
3910,test
3911,train
3912,train
3913,train
3914,train
3915,train
3916,test
3917,test
3918,test
3919,train
3920,train
3921,train
3922,train
3923,train
3924,test
3925,test
3926,train
3927,train
3928,train
3929,test
3930,test
3931,test
3932,train
3933,train
3934,test
3935,train
3936,train
3937,train
3938,train
3939,test
3940,train
3941,train
3942,train
3943,train
3944,test
3945,train
3946,train
3947,train
3948,test
3949,train
3950,test
3951,test
3952,train
3953,train
3954,train
3955,train
3956,train
3957,train
3958,train
3959,train
3960,train
3961,train
3962,train
3963,train
3964,train
3965,train
3966,train
3967,train
3968,train
3969,train
3970,train
3971,train
3972,train
3973,train
3974,test
3975,test
3976,train
3977,train
3978,train
3979,train
3980,train
3981,train
3982,train
3983,train
3984,train
3985,test
3986,train
3987,train
3988,train
3989,train
3990,train
3991,test
3992,train
3993,train
3994,test
3995,train
3996,train
3997,test
3998,train
3999,train
4000,train
4001,train
4002,train
4003,train
4004,train
4005,test
4006,train
4007,train
4008,train
4009,train
4010,test
4011,train
4012,test
4013,train
4014,train
4015,train
4016,train
4017,train
4018,train
4019,test
4020,test
4021,test
4022,train
4023,train
4024,train
4025,test
4026,train
4027,test
4028,train
4029,test
4030,test
4031,train
4032,train
4033,train
4034,test
4035,train
4036,train
4037,train
4038,train
4039,train
4040,train
4041,train
4042,train
4043,train
4044,train
4045,train
4046,train
4047,train
4048,train
4049,test
4050,train
4051,train
4052,train
4053,train
4054,train
4055,train
4056,train
4057,test
4058,train
4059,test
4060,train
4061,test
4062,test
4063,train
4064,train
4065,train
4066,train
4067,test
4068,train
4069,test
4070,train
4071,train
4072,test
4073,test
4074,test
4075,train
4076,train
4077,train
4078,train
4079,train
4080,train
4081,train
4082,train
4083,test
4084,train
4085,train
4086,train
4087,train
4088,test
4089,train
4090,train
4091,train
4092,train
4093,train
4094,train
4095,train
4096,train
4097,train
4098,train
4099,train
4100,train
4101,train
4102,train
4103,train
4104,train
4105,train
4106,test
4107,train
4108,train
4109,train
4110,train
4111,train
4112,test
4113,train
4114,train
4115,train
4116,train
4117,train
4118,train
4119,train
4120,train
4121,train
4122,train
4123,train
4124,test
4125,train
4126,train
4127,train
4128,train
4129,train
4130,test
4131,test
4132,train
4133,train
4134,test
4135,train
4136,train
4137,train
4138,train
4139,train
4140,train
4141,train
4142,train
4143,train
4144,train
4145,train
4146,train
4147,test
4148,train
4149,train
4150,train
4151,train
4152,train
4153,train
4154,train
4155,test
4156,train
4157,train
4158,train
4159,train
4160,train
4161,train
4162,train
4163,test
4164,train
4165,test
4166,train
4167,train
4168,train
4169,test
4170,train
4171,train
4172,train
4173,train
4174,train
4175,train
4176,train
4177,train
4178,train
4179,train
4180,train
4181,train
4182,train
4183,train
4184,train
4185,train
4186,train
4187,train
4188,train
4189,train
4190,train
4191,train
4192,train
4193,test
4194,train
4195,test
4196,test
4197,train
4198,train
4199,train
4200,train
4201,test
4202,train
4203,train
4204,train
4205,test
4206,train
4207,train
4208,train
4209,train
4210,train
4211,train
4212,test
4213,train
4214,train
4215,train
4216,train
4217,train
4218,test
4219,train
4220,train
4221,train
4222,train
4223,train
4224,train
4225,train
4226,train
4227,train
4228,train
4229,train
4230,train
4231,test
4232,test
4233,train
4234,train
4235,train
4236,train
4237,test
4238,train
4239,train
4240,test
4241,train
4242,train
4243,train
4244,train
4245,test
4246,train
4247,train
4248,train
4249,train
4250,train
4251,train
4252,train
4253,train
4254,test
4255,test
4256,train
4257,train
4258,train
4259,train
4260,test
4261,train
4262,test
4263,train
4264,train
4265,train
4266,test
4267,train
4268,train
4269,train
4270,train
4271,train
4272,train
4273,train
4274,train
4275,train
4276,train
4277,train
4278,train
4279,train
4280,train
4281,train
4282,train
4283,train
4284,train
4285,train
4286,train
4287,train
4288,train
4289,train
4290,train
4291,train
4292,train
4293,train
4294,train
4295,train
4296,test
4297,train
4298,train
4299,train
4300,train
4301,train
4302,test
4303,train
4304,test
4305,train
4306,train
4307,train
4308,train
4309,train
4310,train
4311,train
4312,test
4313,test
4314,train
4315,train
4316,train
4317,train
4318,test
4319,train
4320,train
4321,train
4322,train
4323,test
4324,test
4325,train
4326,train
4327,train
4328,train
4329,train
4330,train
4331,train
4332,train
4333,train
4334,train
4335,train
4336,train
4337,train
4338,train
4339,train
4340,train
4341,test
4342,train
4343,train
4344,train
4345,train
4346,train
4347,train
4348,test
4349,train
4350,train
4351,test
4352,train
4353,train
4354,test
4355,train
4356,train
4357,train
4358,test
4359,test
4360,test
4361,train
4362,train
4363,train
4364,train
4365,train
4366,train
4367,train
4368,train
4369,train
4370,train
4371,test
4372,train
4373,test
4374,train
4375,train
4376,train
4377,test
4378,train
4379,train
4380,test
4381,train
4382,train
4383,train
4384,train
4385,train
4386,train
4387,train
4388,train
4389,train
4390,train
4391,train
4392,train
4393,test
4394,train
4395,train
4396,train
4397,train
4398,train
4399,train
4400,train
4401,train
4402,train
4403,train
4404,train
4405,train
4406,test
4407,test
4408,test
4409,train
4410,train
4411,train
4412,train
4413,train
4414,train
4415,test
4416,train
4417,train
4418,train
4419,train
4420,test
4421,train
4422,train
4423,train
4424,train
4425,test
4426,test
4427,test
4428,train
4429,test
4430,train
4431,train
4432,test
4433,train
4434,test
4435,train
4436,train
4437,test
4438,train
4439,train
4440,train
4441,train
4442,test
4443,train
4444,train
4445,train
4446,train
4447,train
4448,train
4449,train
4450,train
4451,train
4452,train
4453,train
4454,train
4455,train
4456,train
4457,train
4458,train
4459,test
4460,train
4461,train
4462,test
4463,train
4464,test
4465,train
4466,test
4467,train
4468,test
4469,train
4470,train
4471,train
4472,train
4473,train
4474,train
4475,train
4476,train
4477,train
4478,train
4479,train
4480,train
4481,test
4482,test
4483,train
4484,train
4485,test
4486,train
4487,train
4488,train
4489,train
4490,test
4491,train
4492,train
4493,train
4494,test
4495,test
4496,train
4497,train
4498,train
4499,train
4500,train
4501,train
4502,train
4503,train
4504,test
4505,train
4506,train
4507,train
4508,train
4509,train
4510,train
4511,train
4512,train
4513,train
4514,test
4515,train
4516,train
4517,train
4518,train
4519,train
4520,train
4521,train
4522,train
4523,train
4524,train
4525,train
4526,train
4527,train
4528,train
4529,test
4530,train
4531,train
4532,train
4533,train
4534,train
4535,train
4536,train
4537,train
4538,train
4539,train
4540,train
4541,train
4542,train
4543,test
4544,test
4545,train
4546,train
4547,train
4548,test
4549,train
4550,test
4551,train
4552,train
4553,train
4554,train
4555,train
4556,train
4557,train
4558,train
4559,test
4560,train
4561,train
4562,test
4563,train
4564,test
4565,train
4566,train
4567,train
4568,train
4569,train
4570,test
4571,train
4572,test
4573,train
4574,train
4575,train
4576,train
4577,test
4578,test
4579,train
4580,train
4581,test
4582,test
4583,train
4584,train
4585,train
4586,test
4587,train
4588,train
4589,train
4590,train
4591,train
4592,train
4593,test
4594,train
4595,train
4596,train
4597,train
4598,test
4599,test
4600,test
4601,train
4602,test
4603,test
4604,test
4605,train
4606,train
4607,test
4608,test
4609,train
4610,train
4611,train
4612,train
4613,test
4614,test
4615,train
4616,test
4617,train
4618,train
4619,train
4620,train
4621,train
4622,train
4623,train
4624,train
4625,test
4626,train
4627,train
4628,train
4629,train
4630,test
4631,test
4632,train
4633,train
4634,train
4635,test
4636,train
4637,test
4638,train
4639,train
4640,train
4641,train
4642,test
4643,test
4644,train
4645,train
4646,test
4647,train
4648,test
4649,train
4650,train
4651,test
4652,test
4653,train
4654,train
4655,test
4656,train
4657,train
4658,train
4659,test
4660,train
4661,train
4662,train
4663,train
4664,train
4665,train
4666,test
4667,train
4668,train
4669,train
4670,train
4671,train
4672,train
4673,train
4674,train
4675,test
4676,train
4677,test
4678,train
4679,train
4680,test
4681,train
4682,train
4683,test
4684,train
4685,test
4686,train
4687,train
4688,train
4689,train
4690,train
4691,train
4692,train
4693,test
4694,train
4695,train
4696,train
4697,train
4698,train
4699,train
4700,test
4701,test
4702,train
4703,train
4704,train
4705,train
4706,train
4707,test
4708,test
4709,train
4710,train
4711,train
4712,train
4713,train
4714,train
4715,train
4716,train
4717,train
4718,test
4719,train
4720,train
4721,train
4722,test
4723,train
4724,train
4725,train
4726,train
4727,train
4728,train
4729,train
4730,test
4731,train
4732,train
4733,train
4734,train
4735,train
4736,train
4737,train
4738,test
4739,test
4740,test
4741,test
4742,train
4743,train
4744,train
4745,train
4746,train
4747,test
4748,train
4749,train
4750,train
4751,train
4752,train
4753,train
4754,train
4755,train
4756,train
4757,test
4758,train
4759,train
4760,test
4761,train
4762,train
4763,train
4764,train
4765,test
4766,train
4767,test
4768,train
4769,train
4770,test
4771,train
4772,train
4773,test
4774,train
4775,train
4776,train
4777,train
4778,train
4779,train
4780,test
4781,test
4782,train
4783,test
4784,train
4785,train
4786,train
4787,train
4788,test
4789,train
4790,train
4791,train
4792,test
4793,train
4794,train
4795,train
4796,train
4797,test
4798,train
4799,train
4800,test
4801,train
4802,test
4803,train
4804,test
4805,train
4806,train
4807,test
4808,train
4809,train
4810,train
4811,train
4812,train
4813,train
4814,train
4815,train
4816,test
4817,train
4818,train
4819,test
4820,train
4821,train
4822,train
4823,train
4824,train
4825,test
4826,train
4827,test
4828,test
4829,train
4830,test
4831,train
4832,train
4833,train
4834,test
4835,train
4836,test
4837,train
4838,train
4839,train
4840,train
4841,train
4842,train
4843,train
4844,test
4845,test
4846,train
4847,train
4848,train
4849,train
4850,train
4851,test
4852,train
4853,train
4854,train
4855,train
4856,train
4857,train
4858,train
4859,train
4860,train
4861,train
4862,test
4863,train
4864,train
4865,train
4866,train
4867,train
4868,test
4869,train
4870,train
4871,train
4872,train
4873,train
4874,test
4875,train
4876,train
4877,train
4878,test
4879,train
4880,train
4881,train
4882,train
4883,train
4884,train
4885,train
4886,train
4887,train
4888,test
4889,train
4890,train
4891,train
4892,train
4893,train
4894,train
4895,train
4896,train
4897,train
4898,train
4899,test
4900,test
4901,train
4902,train
4903,train
4904,train
4905,train
4906,test
4907,train
4908,train
4909,train
4910,train
4911,train
4912,train
4913,train
4914,train
4915,train
4916,train
4917,train
4918,train
4919,train
4920,test
4921,train
4922,train
4923,test
4924,train
4925,test
4926,test
4927,train
4928,test
4929,test
4930,train
4931,train
4932,train
4933,train
4934,train
4935,train
4936,test
4937,test
4938,test
4939,train
4940,train
4941,test
4942,test
4943,train
4944,train
4945,train
4946,train
4947,train
4948,test
4949,train
4950,train
4951,train
4952,train
4953,train
4954,train
4955,test
4956,test
4957,train
4958,train
4959,train
4960,train
4961,test
4962,train
4963,train
4964,train
4965,train
4966,train
4967,train
4968,test
4969,train
4970,train
4971,train
4972,train
4973,test
4974,train
4975,train
4976,train
4977,test
4978,train
4979,test
4980,train
4981,train
4982,train
4983,train
4984,train
4985,train
4986,test
4987,test
4988,train
4989,test
4990,train
4991,test
4992,train
4993,test
4994,train
4995,train
4996,train
4997,train
4998,train
4999,train
5000,train
5001,train
5002,train
5003,train
5004,train
5005,test
5006,train
5007,train
5008,train
5009,test
5010,test
5011,train
5012,train
5013,train
5014,train
5015,test
5016,test
5017,train
5018,train
5019,train
5020,train
5021,test
5022,train
5023,train
5024,train
5025,test
5026,test
5027,train
5028,train
5029,train
5030,train
5031,train
5032,train
5033,train
5034,train
5035,train
5036,train
5037,train
5038,train
5039,test
5040,test
5041,train
5042,train
5043,train
5044,test
5045,train
5046,test
5047,train
5048,train
5049,train
5050,train
5051,train
5052,test
5053,train
5054,train
5055,test
5056,train
5057,train
5058,train
5059,test
5060,test
5061,train
5062,train
5063,train
5064,train
5065,train
5066,train
5067,train
5068,train
5069,train
5070,train
5071,test
5072,train
5073,train
5074,test
5075,train
5076,train
5077,train
5078,train
5079,train
5080,train
5081,test
5082,train
5083,train
5084,train
5085,train
5086,train
5087,train
5088,test
5089,train
5090,train
5091,test
5092,train
5093,train
5094,train
5095,train
5096,train
5097,test
5098,train
5099,train
5100,train
5101,train
5102,train
5103,test
5104,train
5105,test
5106,train
5107,train
5108,train
5109,train
5110,train
5111,test
5112,train
5113,train
5114,train
5115,train
5116,train
5117,train
5118,train
5119,train
5120,test
5121,train
5122,train
5123,train
5124,test
5125,train
5126,train
5127,train
5128,train
5129,train
5130,test
5131,train
5132,train
5133,train
5134,train
5135,test
5136,test
5137,train
5138,train
5139,train
5140,train
5141,test
5142,train
5143,train
5144,train
5145,train
5146,train
5147,test
5148,train
5149,test
5150,test
5151,train
5152,test
5153,test
5154,train
5155,train
5156,test
5157,train
5158,train
5159,train
5160,train
5161,train
5162,test
5163,test
5164,train
5165,train
5166,train
5167,train
5168,train
5169,test
5170,test
5171,test
5172,train
5173,test
5174,train
5175,train
5176,train
5177,train
5178,train
5179,test
5180,train
5181,train
5182,train
5183,test
5184,train
5185,train
5186,train
5187,train
5188,train
5189,train
5190,train
5191,train
5192,train
5193,test
5194,test
5195,train
5196,test
5197,train
5198,train
5199,test
5200,train
5201,train
5202,train
5203,train
5204,test
5205,train
5206,train
5207,train
5208,train
5209,train
5210,train
5211,test
5212,test
5213,train
5214,test
5215,train
5216,train
5217,test
5218,train
5219,train
5220,train
5221,train
5222,train
5223,test
5224,train
5225,test
5226,train
5227,train
5228,train
5229,train
5230,train
5231,train
5232,train
5233,train
5234,train
5235,train
5236,test
5237,test
5238,test
5239,train
5240,train
5241,train
5242,test
5243,test
5244,train
5245,test
5246,train
5247,train
5248,train
5249,train
5250,train
5251,train
5252,train
5253,train
5254,test
5255,train
5256,train
5257,train
5258,test
5259,train
5260,test
5261,train
5262,train
5263,test
5264,train
5265,train
5266,test
5267,train
5268,train
5269,train
5270,train
5271,train
5272,train
5273,train
5274,train
5275,train
5276,train
5277,train
5278,train
5279,train
5280,train
5281,train
5282,train
5283,train
5284,train
5285,train
5286,test
5287,train
5288,test
5289,test
5290,test
5291,train
5292,train
5293,train
5294,train
5295,train
5296,train
5297,train
5298,train
5299,train
5300,train
5301,test
5302,train
5303,train
5304,train
5305,test
5306,train
5307,train
5308,train
5309,test
5310,train
5311,train
5312,train
5313,test
5314,test
5315,test
5316,train
5317,test
5318,test
5319,train
5320,test
5321,test
5322,train
5323,train
5324,train
5325,train
5326,test
5327,train
5328,train
5329,train
5330,test
5331,test
5332,train
5333,train
5334,test
5335,train
5336,train
5337,train
5338,train
5339,train
5340,train
5341,test
5342,train
5343,test
5344,train
5345,test
5346,train
5347,train
5348,train
5349,train
5350,train
5351,train
5352,train
5353,train
5354,train
5355,test
5356,train
5357,train
5358,train
5359,test
5360,train
5361,train
5362,train
5363,train
5364,test
5365,train
5366,train
5367,test
5368,train
5369,train
5370,train
5371,test
5372,train
5373,train
5374,train
5375,test
5376,test
5377,train
5378,train
5379,test
5380,train
5381,test
5382,train
5383,test
5384,train
5385,train
5386,test
5387,train
5388,train
5389,train
5390,train
5391,test
5392,train
5393,train
5394,train
5395,train
5396,train
5397,train
5398,train
5399,test
5400,test
5401,train
5402,test
5403,train
5404,train
5405,train
5406,train
5407,train
5408,train
5409,train
5410,train
5411,train
5412,train
5413,train
5414,train
5415,test
5416,train
5417,train
5418,train
5419,train
5420,train
5421,train
5422,train
5423,train
5424,train
5425,test
5426,train
5427,train
5428,train
5429,train
5430,test
5431,train
5432,train
5433,train
5434,train
5435,train
5436,train
5437,train
5438,train
5439,train
5440,train
5441,test
5442,train
5443,train
5444,train
5445,train
5446,test
5447,train
5448,test
5449,train
5450,test
5451,test
5452,train
5453,test
5454,train
5455,train
5456,train
5457,train
5458,train
5459,train
5460,train
5461,train
5462,train
5463,test
5464,train
5465,test
5466,test
5467,train
5468,train
5469,test
5470,train
5471,test
5472,train
5473,train
5474,train
5475,train
5476,train
5477,train
5478,train
5479,train
5480,train
5481,train
5482,train
5483,train
5484,train
5485,train
5486,train
5487,train
5488,train
5489,train
5490,train
5491,train
5492,train
5493,train
5494,train
5495,train
5496,test
5497,train
5498,train
5499,train
5500,train
5501,train
5502,train
5503,train
5504,train
5505,test
5506,test
5507,train
5508,train
5509,train
5510,train
5511,train
5512,test
5513,test
5514,test
5515,train
5516,train
5517,train
5518,train
5519,train
5520,train
5521,train
5522,train
5523,train
5524,train
5525,train
5526,train
5527,train
5528,train
5529,train
5530,train
5531,train
5532,train
5533,train
5534,train
5535,train
5536,train
5537,train
5538,train
5539,train
5540,train
5541,test
5542,train
5543,train
5544,test
5545,train
5546,test
5547,train
5548,train
5549,train
5550,train
5551,train
5552,train
5553,train
5554,train
5555,train
5556,test
5557,train
5558,train
5559,train
5560,train
5561,train
5562,train
5563,train
5564,test
5565,test
5566,train
5567,train
5568,train
5569,train
5570,test
5571,train
5572,train
5573,train
5574,train
5575,train
5576,train
5577,train
5578,test
5579,train
5580,train
5581,train
5582,test
5583,train
5584,train
5585,train
5586,train
5587,train
5588,test
5589,train
5590,train
5591,train
5592,test
5593,train
5594,train
5595,train
5596,train
5597,train
5598,train
5599,test
5600,train
5601,train
5602,train
5603,train
5604,test
5605,test
5606,train
5607,train
5608,train
5609,train
5610,train
5611,train
5612,test
5613,test
5614,train
5615,test
5616,train
5617,test
5618,train
5619,train
5620,train
5621,train
5622,train
5623,train
5624,train
5625,test
5626,train
5627,train
5628,train
5629,train
5630,train
5631,test
5632,test
5633,train
5634,train
5635,test
5636,train
5637,train
5638,test
5639,train
5640,train
5641,test
5642,train
5643,train
5644,test
5645,train
5646,test
5647,train
5648,train
5649,train
5650,train
5651,train
5652,train
5653,train
5654,train
5655,train
5656,train
5657,train
5658,train
5659,train
5660,test
5661,train
5662,train
5663,train
5664,train
5665,train
5666,test
5667,test
5668,train
5669,train
5670,train
5671,train
5672,train
5673,train
5674,train
5675,train
5676,train
5677,train
5678,train
5679,train
5680,train
5681,test
5682,train
5683,train
5684,train
5685,train
5686,train
5687,test
5688,train
5689,train
5690,train
5691,train
5692,test
5693,train
5694,train
5695,train
5696,train
5697,train
5698,train
5699,train
5700,train
5701,train
5702,train
5703,train
5704,train
5705,train
5706,train
5707,train
5708,train
5709,test
5710,train
5711,train
5712,test
5713,train
5714,train
5715,train
5716,test
5717,train
5718,train
5719,test
5720,test
5721,train
5722,train
5723,test
5724,train
5725,train
5726,train
5727,train
5728,train
5729,train
5730,train
5731,train
5732,test
5733,train
5734,train
5735,train
5736,train
5737,train
5738,train
5739,train
5740,train
5741,train
5742,train
5743,train
5744,train
5745,test
5746,train
5747,train
5748,train
5749,train
5750,train
5751,train
5752,train
5753,test
5754,train
5755,train
5756,train
5757,train
5758,train
5759,test
5760,train
5761,train
5762,train
5763,train
5764,train
5765,train
5766,train
5767,train
5768,train
5769,test
5770,train
5771,train
5772,train
5773,train
5774,train
5775,train
5776,train
5777,train
5778,train
5779,train
5780,train
5781,train
5782,test
5783,train
5784,train
5785,train
5786,train
5787,train
5788,train
5789,train
5790,train
5791,train
5792,test
5793,train
5794,test
5795,train
5796,train
5797,train
5798,train
5799,train
5800,train
5801,train
5802,train
5803,train
5804,train
5805,train
5806,train
5807,train
5808,train
5809,train
5810,train
5811,train
5812,test
5813,train
5814,train
5815,train
5816,train
5817,train
5818,train
5819,train
5820,train
5821,test
5822,test
5823,train
5824,train
5825,train
5826,train
5827,train
5828,train
5829,train
5830,train
5831,test
5832,train
5833,train
5834,train
5835,train
5836,train
5837,train
5838,test
5839,train
5840,train
5841,train
5842,train
5843,test
5844,train
5845,train
5846,train
5847,train
5848,train
5849,train
5850,test
5851,train
5852,test
5853,train
5854,train
5855,train
5856,test
5857,train
5858,train
5859,train
5860,test
5861,train
5862,test
5863,train
5864,train
5865,train
5866,train
5867,train
5868,train
5869,test
5870,train
5871,train
5872,train
5873,train
5874,train
5875,train
5876,test
5877,train
5878,train
5879,train
5880,train
5881,train
5882,train
5883,test
5884,train
5885,train
5886,train
5887,test
5888,train
5889,train
5890,test
5891,train
5892,train
5893,train
5894,train
5895,train
5896,test
5897,train
5898,test
5899,train
5900,train
5901,train
5902,test
5903,train
5904,train
5905,train
5906,train
5907,train
5908,train
5909,train
5910,train
5911,test
5912,train
5913,train
5914,test
5915,train
5916,train
5917,train
5918,train
5919,train
5920,train
5921,train
5922,train
5923,train
5924,train
5925,train
5926,test
5927,train
5928,train
5929,train
5930,test
5931,train
5932,train
5933,test
5934,train
5935,train
5936,test
5937,train
5938,train
5939,test
5940,train
5941,train
5942,train
5943,train
5944,train
5945,train
5946,train
5947,train
5948,test
5949,train
5950,train
5951,train
5952,train
5953,train
5954,train
5955,train
5956,train
5957,train
5958,train
5959,test
5960,train
5961,train
5962,train
5963,train
5964,train
5965,train
5966,test
5967,train
5968,train
5969,train
5970,train
5971,train
5972,train
5973,train
5974,train
5975,test
5976,test
5977,train
5978,train
5979,train
5980,train
5981,train
5982,train
5983,train
5984,test
5985,train
5986,test
5987,train
5988,train
5989,test
5990,train
5991,train
5992,test
5993,train
5994,train
5995,train
5996,train
5997,train
5998,train
5999,train
6000,test
6001,test
6002,train
6003,test
6004,train
6005,test
6006,train
6007,test
6008,train
6009,train
6010,train
6011,test
6012,test
6013,train
6014,train
6015,test
6016,train
6017,train
6018,train
6019,test
6020,train
6021,train
6022,train
6023,train
6024,train
6025,test
6026,train
6027,test
6028,train
6029,train
6030,train
6031,train
6032,train
6033,test
6034,train
6035,train
6036,train
6037,train
6038,train
6039,test
6040,test
6041,train
6042,train
6043,train
6044,test
6045,train
6046,train
6047,test
6048,train
6049,train
6050,train
6051,train
6052,train
6053,train
6054,test
6055,test
6056,train
6057,test
6058,train
6059,train
6060,test
6061,train
6062,train
6063,train
6064,train
6065,train
6066,train
6067,train
6068,test
6069,train
6070,train
6071,test
6072,train
6073,train
6074,train
6075,test
6076,train
6077,test
6078,train
6079,train
6080,train
6081,test
6082,train
6083,train
6084,train
6085,train
6086,train
6087,test
6088,train
6089,train
6090,train
6091,train
6092,train
6093,train
6094,test
6095,train
6096,test
6097,train
6098,train
6099,train
6100,train
6101,train
6102,train
6103,test
6104,train
6105,train
6106,train
6107,train
6108,train
6109,train
6110,train
6111,train
6112,train
6113,train
6114,train
6115,train
6116,train
6117,train
6118,test
6119,train
6120,train
6121,train
6122,train
6123,test
6124,train
6125,train
6126,train
6127,train
6128,train
6129,train
6130,test
6131,train
6132,train
6133,train
6134,train
6135,train
6136,train
6137,test
6138,train
6139,train
6140,train
6141,test
6142,train
6143,train
6144,train
6145,test
6146,train
6147,train
6148,train
6149,train
6150,train
6151,test
6152,train
6153,train
6154,test
6155,train
6156,train
6157,train
6158,test
6159,train
6160,train
6161,train
6162,train
6163,train
6164,train
6165,train
6166,test
6167,test
6168,train
6169,test
6170,train
6171,train
6172,train
6173,train
6174,train
6175,train
6176,train
6177,train
6178,test
6179,train
6180,train
6181,test
6182,train
6183,train
6184,train
6185,train
6186,train
6187,train
6188,train
6189,train
6190,train
6191,train
6192,train
6193,test
6194,train
6195,test
6196,train
6197,train
6198,train
6199,test
6200,train
6201,train
6202,train
6203,train
6204,train
6205,train
6206,train
6207,train
6208,train
6209,train
6210,test
6211,train
6212,train
6213,test
6214,train
6215,train
6216,train
6217,train
6218,train
6219,train
6220,train
6221,train
6222,train
6223,train
6224,train
6225,train
6226,train
6227,train
6228,train
6229,test
6230,train
6231,train
6232,test
6233,test
6234,train
6235,train
6236,train
6237,train
6238,train
6239,train
6240,train
6241,train
6242,train
6243,train
6244,train
6245,train
6246,train
6247,train
6248,train
6249,test
6250,train
6251,train
6252,train
6253,train
6254,train
6255,train
6256,train
6257,train
6258,test
6259,train
6260,train
6261,train
6262,train
6263,train
6264,train
6265,train
6266,train
6267,train
6268,train
6269,train
6270,train
6271,train
6272,train
6273,train
6274,train
6275,train
6276,train
6277,train
6278,train
6279,train
6280,train
6281,train
6282,test
6283,train
6284,train
6285,train
6286,train
6287,train
6288,train
6289,train
6290,train
6291,train
6292,train
6293,train
6294,train
6295,test
6296,train
6297,train
6298,train
6299,train
6300,train
6301,test
6302,test
6303,train
6304,train
6305,train
6306,train
6307,train
6308,train
6309,train
6310,train
6311,train
6312,train
6313,train
6314,train
6315,train
6316,train
6317,train
6318,train
6319,train
6320,train
6321,test
6322,train
6323,train
6324,test
6325,train
6326,train
6327,train
6328,train
6329,train
6330,train
6331,train
6332,train
6333,train
6334,test
6335,train
6336,train
6337,test
6338,test
6339,train
6340,train
6341,train
6342,train
6343,test
6344,train
6345,train
6346,train
6347,train
6348,train
6349,train
6350,train
6351,train
6352,train
6353,train
6354,test
6355,test
6356,train
6357,test
6358,train
6359,train
6360,test
6361,test
6362,test
6363,train
6364,test
6365,test
6366,train
6367,train
6368,test
6369,test
6370,train
6371,train
6372,train
6373,train
6374,train
6375,test
6376,train
6377,train
6378,train
6379,test
6380,train
6381,train
6382,train
6383,test
6384,test
6385,train
6386,train
6387,train
6388,train
6389,train
6390,test
6391,test
6392,train
6393,train
6394,test
6395,train
6396,test
6397,train
6398,train
6399,train
6400,train
6401,train
6402,test
6403,test
6404,train
6405,train
6406,train
6407,train
6408,train
6409,train
6410,train
6411,train
6412,train
6413,test
6414,train
6415,train
6416,test
6417,test
6418,train
6419,test
6420,test
6421,train
6422,train
6423,train
6424,test
6425,train
6426,train
6427,train
6428,train
6429,train
6430,train
6431,train
6432,train
6433,train
6434,test
6435,test
6436,train
6437,train
6438,train
6439,train
6440,train
6441,train
6442,train
6443,train
6444,test
6445,train
6446,train
6447,train
6448,train
6449,train
6450,train
6451,train
6452,test
6453,train
6454,train
6455,train
6456,train
6457,test
6458,train
6459,train
6460,test
6461,test
6462,train
6463,train
6464,train
6465,train
6466,train
6467,test
6468,train
6469,train
6470,train
6471,train
6472,train
6473,train
6474,train
6475,train
6476,train
6477,test
6478,train
6479,train
6480,test
6481,train
6482,test
6483,train
6484,train
6485,train
6486,train
6487,train
6488,train
6489,train
6490,train
6491,train
6492,train
6493,test
6494,train
6495,train
6496,train
6497,train
6498,test
6499,train
6500,train
6501,train
6502,train
6503,train
6504,train
6505,test
6506,train
6507,train
6508,train
6509,train
6510,test
6511,test
6512,train
6513,train
6514,test
6515,test
6516,train
6517,train
6518,train
6519,train
6520,train
6521,test
6522,train
6523,train
6524,train
6525,train
6526,train
6527,test
6528,test
6529,train
6530,train
6531,train
6532,train
6533,train
6534,train
6535,train
6536,train
6537,test
6538,train
6539,train
6540,train
6541,train
6542,train
6543,train
6544,train
6545,test
6546,test
6547,train
6548,train
6549,train
6550,test
6551,test
6552,train
6553,train
6554,train
6555,test
6556,train
6557,train
6558,train
6559,train
6560,train
6561,train
6562,train
6563,train
6564,test
6565,test
6566,train
6567,train
6568,train
6569,train
6570,train
6571,train
6572,test
6573,train
6574,train
6575,train
6576,test
6577,train
6578,train
6579,train
6580,train
6581,train
6582,train
6583,train
6584,train
6585,train
6586,train
6587,test
6588,train
6589,train
6590,test
6591,train
6592,test
6593,train
6594,train
6595,train
6596,test
6597,train
6598,test
6599,train
6600,test
6601,train
6602,train
6603,train
6604,test
6605,test
6606,test
6607,train
6608,train
6609,train
6610,train
6611,train
6612,train
6613,test
6614,train
6615,test
6616,train
6617,train
6618,train
6619,train
6620,test
6621,test
6622,train
6623,test
6624,train
6625,train
6626,train
6627,train
6628,train
6629,train
6630,test
6631,train
6632,train
6633,train
6634,train
6635,train
6636,train
6637,train
6638,train
6639,train
6640,train
6641,test
6642,train
6643,test
6644,train
6645,train
6646,test
6647,train
6648,test
6649,test
6650,train
6651,train
6652,train
6653,train
6654,train
6655,test
6656,train
6657,train
6658,train
6659,train
6660,train
6661,train
6662,train
6663,train
6664,train
6665,test
6666,train
6667,test
6668,test
6669,train
6670,train
6671,test
6672,train
6673,train
6674,train
6675,train
6676,train
6677,test
6678,train
6679,train
6680,train
6681,train
6682,train
6683,train
6684,train
6685,train
6686,train
6687,train
6688,test
6689,train
6690,train
6691,train
6692,test
6693,train
6694,train
6695,train
6696,train
6697,train
6698,train
6699,test
6700,train
6701,train
6702,test
6703,train
6704,train
6705,test
6706,train
6707,train
6708,train
6709,train
6710,train
6711,train
6712,test
6713,test
6714,train
6715,train
6716,train
6717,train
6718,train
6719,train
6720,test
6721,train
6722,train
6723,train
6724,train
6725,test
6726,train
6727,train
6728,test
6729,train
6730,test
6731,train
6732,train
6733,train
6734,train
6735,train
6736,train
6737,train
6738,test
6739,train
6740,train
6741,train
6742,train
6743,train
6744,test
6745,train
6746,train
6747,train
6748,train
6749,train
6750,train
6751,train
6752,train
6753,train
6754,train
6755,train
6756,test
6757,train
6758,train
6759,train
6760,test
6761,test
6762,test
6763,test
6764,train
6765,train
6766,train
6767,train
6768,test
6769,train
6770,train
6771,train
6772,train
6773,train
6774,train
6775,train
6776,test
6777,train
6778,train
6779,train
6780,test
6781,test
6782,train
6783,train
6784,train
6785,train
6786,train
6787,train
6788,train
6789,test
6790,train
6791,train
6792,train
6793,train
6794,train
6795,train
6796,train
6797,train
6798,train
6799,train
6800,test
6801,train
6802,train
6803,train
6804,train
6805,train
6806,train
6807,train
6808,train
6809,train
6810,train
6811,train
6812,train
6813,train
6814,test
6815,train
6816,train
6817,train
6818,test
6819,test
6820,train
6821,train
6822,train
6823,test
6824,train
6825,train
6826,test
6827,train
6828,train
6829,train
6830,train
6831,train
6832,train
6833,train
6834,test
6835,train
6836,train
6837,train
6838,train
6839,train
6840,train
6841,train
6842,train
6843,train
6844,train
6845,test
6846,test
6847,train
6848,train
6849,train
6850,train
6851,train
6852,train
6853,train
6854,train
6855,train
6856,train
6857,test
6858,train
6859,test
6860,train
6861,train
6862,test
6863,train
6864,train
6865,train
6866,train
6867,train
6868,test
6869,train
6870,train
6871,train
6872,train
6873,train
6874,train
6875,train
6876,test
6877,train
6878,train
6879,train
6880,train
6881,train
6882,train
6883,train
6884,train
6885,train
6886,train
6887,train
6888,train
6889,train
6890,test
6891,train
6892,train
6893,train
6894,train
6895,train
6896,train
6897,train
6898,train
6899,train
6900,train
6901,train
6902,train
6903,train
6904,test
6905,train
6906,train
6907,train
6908,train
6909,test
6910,train
6911,train
6912,train
6913,train
6914,train
6915,train
6916,train
6917,train
6918,train
6919,train
6920,test
6921,train
6922,train
6923,test
6924,train
6925,test
6926,train
6927,train
6928,train
6929,train
6930,train
6931,train
6932,test
6933,train
6934,train
6935,train
6936,train
6937,train
6938,test
6939,train
6940,train
6941,test
6942,train
6943,train
6944,train
6945,test
6946,train
6947,train
6948,train
6949,train
6950,train
6951,train
6952,train
6953,train
6954,test
6955,train
6956,train
6957,train
6958,train
6959,train
6960,train
6961,train
6962,train
6963,train
6964,train
6965,train
6966,train
6967,train
6968,train
6969,test
6970,train
6971,train
6972,test
6973,train
6974,test
6975,train
6976,test
6977,train
6978,train
6979,test
6980,test
6981,train
6982,train
6983,train
6984,train
6985,train
6986,train
6987,train
6988,test
6989,test
6990,train
6991,test
6992,test
6993,train
6994,train
6995,test
6996,train
6997,test
6998,train
6999,train
7000,train
7001,train
7002,test
7003,train
7004,train
7005,train
7006,train
7007,train
7008,train
7009,train
7010,train
7011,train
7012,test
7013,test
7014,train
7015,train
7016,train
7017,train
7018,train
7019,train
7020,train
7021,train
7022,test
7023,train
7024,train
7025,train
7026,train
7027,test
7028,test
7029,train
7030,train
7031,train
7032,train
7033,train
7034,train
7035,test
7036,train
7037,test
7038,train
7039,train
7040,train
7041,train
7042,train
