original_row_index,churn_probability,true_churn
2196,0.11086535,0
3549,0.89901996,0
3515,0.26752794,0
5162,0.6644108,0
4642,0.06789125,0
6096,0.8072504,0
4504,0.7578096,0
4067,0.17146286,0
6233,0.01184286,0
430,0.5591161,1
3396,0.14788936,0
2815,0.115562096,0
2368,0.39757416,0
917,0.85689175,1
5769,0.21731143,0
2231,0.014985109,0
6375,0.019088194,0
3437,0.51702243,0
6655,0.5218091,0
5822,0.21974438,0
1727,0.8738637,1
2787,0.43541834,0
3060,0.12726647,0
5617,0.030429881,0
5843,0.6189863,0
4802,0.49068618,0
186,0.7247482,1
1615,0.8675341,1
6321,0.024887906,0
1459,0.88687253,1
3227,0.7006791,0
6997,0.6451045,0
5074,0.017642133,0
4494,0.052049622,0
89,0.89470214,1
4544,0.115397625,0
240,0.7050414,1
4603,0.011628516,0
1760,0.9158618,1
648,0.4139608,1
5450,0.04383249,0
3732,0.9135299,0
5850,0.6112186,0
2989,0.45519814,0
4608,0.1851554,0
223,0.857766,1
4464,0.8503633,0
6368,0.6144079,0
4296,0.017421136,0
134,0.574066,1
2637,0.05700341,0
590,0.9263628,1
6390,0.32347497,0
4836,0.47031552,0
3533,0.6003556,0
1665,0.8220116,1
6258,0.041492537,0
6001,0.026488665,0
5992,0.03947792,0
3692,0.010701948,0
5496,0.010125273,0
1334,0.10801593,1
2532,0.041143313,0
1963,0.31659934,0
891,0.58961624,1
881,0.771082,1
1862,0.56118786,1
829,0.5946523,1
1578,0.3549304,1
1387,0.9253054,1
5383,0.010645659,0
5152,0.060359385,0
75,0.7094959,1
4906,0.037895303,0
4600,0.027762398,0
3136,0.1130774,0
5709,0.030561812,0
387,0.7823418,1
4245,0.4043645,0
5211,0.0628935,0
4240,0.1130774,0
2622,0.06733025,0
414,0.4606325,1
158,0.9266209,1
5391,0.03341723,0
4707,0.7062435,0
6514,0.85435295,0
834,0.77017885,1
1204,0.8312751,1
6641,0.33038205,0
1048,0.73056734,1
2945,0.6661583,0
3542,0.059227448,0
525,0.7094959,1
617,0.66304815,1
5359,0.06971681,0
6643,0.45564827,0
6972,0.055010036,0
349,0.8284626,1
5667,0.3655954,0
637,0.86334324,1
588,0.79304993,1
2023,0.46984664,0
431,0.70012903,1
261,0.50195044,1
6730,0.013066997,0
6068,0.35978746,0
2722,0.2853296,0
6528,0.034025352,0
4529,0.085206605,0
2662,0.14957543,0
4797,0.8503403,0
4205,0.4332155,0
6384,0.71356946,0
47,0.8289112,1
5326,0.11815713,0
915,0.73597336,1
2739,0.7071439,0
3053,0.02178357,0
3086,0.057185963,0
3473,0.11618143,0
470,0.8724466,1
3554,0.11785013,0
3019,0.15281804,0
1416,0.90605426,1
6435,0.08926695,0
519,0.7295628,1
5712,0.46783474,0
999,0.77281666,1
4961,0.27101946,0
1689,0.57911146,1
1362,0.52366114,1
2373,0.3685978,0
2092,0.32603133,0
5625,0.109303124,0
6424,0.39283264,0
3537,0.07350011,0
5415,0.30704737,0
4991,0.04470467,0
102,0.70767707,1
2638,0.028074842,0
7013,0.3448539,0
2432,0.7954997,0
3622,0.025641683,0
4613,0.062046416,0
3896,0.29750368,0
3904,0.2315594,0
25,0.14202277,1
3200,0.72524107,0
2745,0.3453521,0
3850,0.08422421,0
4874,0.79903674,0
6457,0.18447177,0
4262,0.47076675,0
1337,0.8653594,1
3630,0.26666024,0
5400,0.7843181,0
44,0.71520793,1
796,0.82030004,1
656,0.7165914,1
5453,0.29215306,0
3443,0.18878683,0
4968,0.011208108,0
3238,0.01654011,0
4218,0.24139681,0
975,0.31176856,1
6699,0.16376366,0
843,0.46357995,1
4348,0.27791217,0
4929,0.0975697,0
5237,0.7049288,0
579,0.91874516,1
3193,0.104412936,0
657,0.588575,1
2015,0.73699975,0
2286,0.71344185,0
6040,0.063662216,0
3827,0.0661664,0
3786,0.65423244,0
4851,0.48450825,0
404,0.7799915,1
5582,0.038614508,0
1092,0.85207564,1
53,0.6272559,1
3591,0.010843394,0
6954,0.57873374,0
2122,0.074431196,0
1857,0.732361,1
2544,0.27577427,0
6334,0.014328671,0
4027,0.57338464,0
7022,0.75185186,0
702,0.76007986,1
6649,0.072606035,0
4034,0.2637312,0
4427,0.7007453,0
6621,0.5908226,0
6005,0.43103844,0
3975,0.69087505,0
3411,0.42145783,0
5147,0.26627976,0
4260,0.016030682,0
4773,0.029694827,0
4582,0.09285688,0
5989,0.35613012,0
5615,0.18557729,0
5505,0.33092102,0
4237,0.3732883,0
4359,0.60775787,0
6081,0.060347322,0
1088,0.38516292,1
4937,0.70217156,0
1010,0.37028646,1
2861,0.081580095,0
1874,0.12622091,0
5565,0.487859,0
2673,0.07011335,0
5163,0.7434728,0
1411,0.7434126,1
1001,0.2670933,1
5334,0.23484987,0
4020,0.31945488,0
5214,0.6635716,0
3016,0.21894515,0
5745,0.86133105,0
2884,0.029684262,0
4987,0.058018666,0
5223,0.2954744,0
1350,0.85441935,1
2131,0.87963146,0
2932,0.04039172,0
1032,0.829373,1
5379,0.7440044,0
3824,0.09846883,0
598,0.92263526,1
985,0.8624722,1
1812,0.65241027,1
1983,0.3492755,0
4212,0.3585558,0
5463,0.7736256,0
795,0.78289735,1
830,0.7980952,1
5103,0.15096319,0
5212,0.32832104,0
879,0.64851105,1
662,0.7801269,1
1404,0.84163034,1
6480,0.1248096,0
2609,0.024265291,0
4868,0.68408966,0
3175,0.13652086,0
4830,0.17466497,0
2935,0.21706444,0
6814,0.017667852,0
1450,0.45761657,1
6823,0.07009327,0
4625,0.14034276,0
6137,0.6425555,0
6039,0.53484046,0
3985,0.69742364,0
4685,0.7129768,0
4061,0.30608466,0
2405,0.051462036,0
5321,0.15678193,0
762,0.85845405,1
1217,0.11216687,1
124,0.81582135,1
2844,0.14026937,0
4581,0.6583809,0
6025,0.82030004,0
6857,0.7108726,0
4925,0.06100106,0
4700,0.67892194,0
6396,0.3939078,0
4739,0.01359219,0
6145,0.85383797,0
619,0.907803,1
3502,0.737665,0
623,0.92372,1
2254,0.26225963,0
4459,0.6413216,0
5564,0.27283913,0
2381,0.7347632,0
4675,0.13509013,0
5546,0.8117656,0
607,0.8998662,1
1316,0.50438327,1
4578,0.14208077,0
569,0.7682322,1
5914,0.028309213,0
5425,0.6001365,0
2770,0.088536404,0
4973,0.0145064145,0
5605,0.08655383,0
5052,0.04660998,0
3707,0.046417564,0
2536,0.6017547,0
143,0.20198078,1
2382,0.12713775,0
6668,0.2004217,0
4429,0.012085734,0
1513,0.6353335,1
4012,0.7657662,0
4323,0.16035774,0
1633,0.8879257,1
6324,0.48453954,0
2858,0.27095115,0
4828,0.06064017,0
3845,0.3306893,0
2840,0.34718195,0
2093,0.8353127,0
6295,0.77886766,0
3036,0.13154155,0
4792,0.035681464,0
4936,0.2066129,0
4740,0.11845192,0
5911,0.025878116,0
6623,0.059933994,0
495,0.7205145,1
826,0.8181627,1
3863,0.73272914,0
6510,0.7974835,0
840,0.64205,1
3974,0.24385653,0
7035,0.60463816,0
3014,0.12963653,0
969,0.37444213,1
5009,0.31000966,0
2535,0.19553015,0
6606,0.078238264,0
4005,0.57911146,0
528,0.53336614,1
5902,0.09267607,0
2701,0.21415739,0
5692,0.008077545,0
5124,0.011843089,0
280,0.7491962,1
5544,0.29304644,0
6199,0.014181904,0
4196,0.023175664,0
4021,0.008642658,0
200,0.8979065,1
6007,0.4165055,0
1237,0.6694228,1
1782,0.91586256,1
1840,0.22749676,1
6979,0.060926583,0
397,0.7317921,1
5136,0.45540097,0
287,0.8301261,1
6355,0.06909604,0
1015,0.25641432,1
7037,0.31743908,0
6210,0.5790983,0
6158,0.010472396,0
4324,0.48514548,0
4680,0.3633777,0
3777,0.28564993,0
5263,0.032345474,0
732,0.89263237,1
482,0.7986911,1
6077,0.02656971,0
4819,0.04244597,0
4635,0.61043805,0
4302,0.15378277,0
1729,0.40680614,1
4057,0.5820897,0
2699,0.21415918,0
4899,0.10255398,0
3576,0.5090928,0
1580,0.86903083,1
5169,0.80585665,0
2449,0.6321585,0
4928,0.5531768,0
709,0.40179297,1
6338,0.27392536,0
4406,0.2332589,0
2101,0.6329564,0
629,0.3021588,1
2783,0.11536964,0
4377,0.038368262,0
6452,0.5702979,0
5933,0.018612925,0
4941,0.84573066,0
415,0.6144079,1
5930,0.4103107,0
1677,0.58874947,1
1354,0.84215415,1
6762,0.09851759,0
15,0.48656046,1
3385,0.11916495,0
2472,0.13646401,0
1878,0.74812025,0
2528,0.1808573,0
6362,0.41953722,0
5314,0.16289316,0
6564,0.024659773,0
5887,0.021910055,0
2578,0.012814233,0
406,0.82030004,1
3117,0.111976445,0
4955,0.5802468,0
3083,0.10712018,0
3855,0.3245061,0
2822,0.049248375,0
3931,0.45575643,0
165,0.1571688,1
6169,0.59531707,0
1293,0.82304317,1
6834,0.21214215,0
1482,0.60518813,1
1256,0.705889,1
1220,0.8081124,1
1271,0.759742,1
4631,0.1874546,0
1873,0.4630458,0
6087,0.6001365,0
1323,0.8673802,1
998,0.11535634,1
605,0.5954653,1
2006,0.30162302,0
5984,0.25815234,0
2639,0.5284159,0
848,0.6497536,1
3865,0.011945072,0
2443,0.62228084,0
6521,0.49564153,0
6044,0.82191664,0
1996,0.05601893,0
3789,0.0099661285,0
2170,0.08363219,0
5681,0.40917537,0
6360,0.17896475,0
4781,0.30857354,0
5026,0.37582588,0
1635,0.87670326,1
2492,0.20617071,0
2475,0.10823598,0
6118,0.31116727,0
3017,0.5145475,0
6379,0.45653352,0
1824,0.585452,1
3400,0.20829585,0
5732,0.49925274,0
1116,0.422514,1
2379,0.5153409,0
3696,0.07529205,0
2729,0.17544885,0
3440,0.6828948,0
4062,0.8107795,0
4666,0.7724331,0
4648,0.12351647,0
6991,0.39763838,0
5171,0.32904193,0
6702,0.8926655,0
2812,0.011925637,0
1641,0.53609,1
2428,0.085081264,0
3439,0.09261991,0
1557,0.392086,1
5044,0.09442108,0
581,0.43410227,1
3693,0.060055267,0
4165,0.07832745,0
6826,0.009545594,0
3165,0.25460926,0
3362,0.21637014,0
2273,0.662436,0
5288,0.24290721,0
2793,0.103591174,0
1791,0.429511,1
6974,0.117606156,0
2469,0.18247105,0
4834,0.27591246,0
4977,0.04024064,0
6596,0.010263316,0
3775,0.14886563,0
3547,0.56777525,0
112,0.75729376,1
494,0.680292,1
4495,0.6158711,0
4304,0.7221211,0
6141,0.0122605655,0
674,0.31783906,1
3025,0.88599634,0
4019,0.078494385,0
3603,0.06469932,0
3234,0.07050542,0
284,0.86665756,1
6434,0.66998744,0
2343,0.6754521,0
4562,0.7991097,0
3944,0.045039337,0
6071,0.630946,0
2635,0.06205738,0
6932,0.85689026,0
5792,0.05118173,0
120,0.63583714,1
2124,0.105385356,0
5015,0.79128313,0
4163,0.073022075,0
5821,0.5677662,0
2885,0.7974835,0
2601,0.010665087,0
2361,0.28688073,0
2129,0.09763511,0
5179,0.5341871,0
4844,0.04718826,0
952,0.6871346,1
3119,0.07537617,0
236,0.88090533,1
1119,0.28571412,1
2339,0.19629337,0
3125,0.15283112,0
1012,0.64472824,1
6988,0.30742687,0
4804,0.16183953,0
3257,0.39754465,0
4722,0.6338883,0
3584,0.30493027,0
6818,0.2255265,0
5135,0.44507363,0
4169,0.059112445,0
1360,0.7878387,1
1151,0.31666577,1
252,0.6800787,1
5286,0.35466313,0
1946,0.55673856,0
2890,0.3334322,0
4900,0.012793043,0
3424,0.27620536,0
3087,0.19562398,0
6498,0.057144552,0
1053,0.86084235,1
1187,0.12815104,1
6592,0.47974893,0
3551,0.5771034,0
4360,0.066928826,0
1776,0.8037876,1
1240,0.42559445,1
1620,0.54429793,1
6461,0.36760783,0
172,0.8900046,1
5318,0.10589382,0
1630,0.7013666,1
2864,0.17300525,0
3232,0.20158209,0
3867,0.03745351,0
5173,0.7662012,0
3726,0.05936474,0
1094,0.25300524,1
5541,0.029315548,0
2629,0.73527503,0
4485,0.3998413,0
2210,0.06402786,0
5301,0.83065486,0
799,0.8227155,1
399,0.72594273,1
2585,0.3340945,0
5238,0.7646046,0
2104,0.46235162,0
1795,0.49784815,1
250,0.5661929,1
3859,0.2370999,0
2464,0.21934511,0
1988,0.740899,0
1719,0.7927896,1
63,0.75845146,1
654,0.84081167,1
784,0.6786545,1
2070,0.06607848,0
3180,0.69018096,0
224,0.79581773,1
931,0.82030004,1
6482,0.013034898,0
1471,0.59652776,1
4659,0.64226085,0
2226,0.119422115,0
6868,0.056663044,0
6598,0.16482773,0
4652,0.011442931,0
6688,0.795453,0
4072,0.042084545,0
2849,0.04727739,0
3169,0.22529551,0
4570,0.1325866,0
1848,0.8610552,1
5966,0.47355455,0
3278,0.12422055,0
268,0.71991265,1
6677,0.5558967,0
6154,0.59915453,0
5592,0.5069406,0
1853,0.866318,1
464,0.90605426,1
5613,0.034673136,0
3454,0.016908705,0
6337,0.019541208,0
1358,0.74361014,1
2928,0.13614276,0
6756,0.26797095,0
1808,0.8538974,1
1923,0.073130876,0
135,0.8291448,1
1933,0.90700257,0
5375,0.0952853,0
1378,0.13524097,1
493,0.63264394,1
6776,0.3245761,0
4942,0.0971793,0
2029,0.013927739,0
6003,0.31176856,0
2791,0.27237323,0
1253,0.56855214,1
3350,0.15426973,0
2938,0.46884394,0
4407,0.009782217,0
2233,0.060775485,0
1756,0.9172509,1
1070,0.5897871,1
5831,0.16749242,0
809,0.8900666,1
1029,0.79128313,1
5290,0.011776649,0
2204,0.09107337,0
1625,0.3317371,1
6781,0.07260225,0
978,0.9093663,1
315,0.7339735,1
4030,0.8979065,0
1044,0.92965776,1
1885,0.08415368,0
1475,0.70695597,1
5305,0.018441025,0
2666,0.824058,0
3661,0.41364214,0
6402,0.04460226,0
2438,0.12934448,0
1129,0.103196494,1
2540,0.38586807,0
5869,0.0128104035,0
2557,0.80837107,0
4646,0.13117908,0
6789,0.24492115,0
2371,0.014801287,0
6365,0.5949391,0
4354,0.45065978,0
731,0.9191175,1
1339,0.86941695,1
244,0.21244334,1
1336,0.60711116,1
2406,0.56253505,0
958,0.36620066,1
1447,0.8001773,1
446,0.8823963,1
2264,0.011628516,0
3710,0.03634968,0
2214,0.3653535,0
2189,0.6968344,0
3548,0.05471066,0
3626,0.13285379,0
5196,0.1174122,0
4074,0.009904332,0
3222,0.8503633,0
4358,0.012170102,0
5451,0.33594993,0
4543,0.6573575,0
5896,0.29051667,0
5071,0.41915196,0
5156,0.34188327,0
2797,0.77148354,0
6477,0.28712374,0
1986,0.19278835,0
4468,0.034628626,0
1018,0.80159974,1
4112,0.15111704,0
3951,0.103814535,0
5,0.5111447,1
194,0.7347632,1
1743,0.4432812,1
4807,0.12450404,0
2653,0.37003878,0
6545,0.3134173,0
3837,0.4705895,0
6551,0.76081973,0
1514,0.84367913,1
6420,0.5611911,0
1182,0.049218588,1
3869,0.6206793,0
4577,0.6663353,0
6527,0.02939152,0
3838,0.028381174,0
4616,0.10597489,0
1106,0.8800055,1
6027,0.069499485,0
220,0.32081,1
5355,0.1720335,0
4134,0.3271651,0
3201,0.12741151,0
3853,0.5947989,0
6060,0.7091729,0
5719,0.12035893,0
4593,0.18266776,0
2723,0.019533142,0
5975,0.4318555,0
6923,0.0615794,0
6665,0.042880986,0
26,0.18022935,1
3723,0.050422765,0
3500,0.0980478,0
719,0.9113333,1
2684,0.86179835,0
2149,0.7449394,0
370,0.8940633,1
1676,0.6748012,1
6909,0.11061626,0
6015,0.597632,0
1553,0.43784136,1
2788,0.81132424,0
6301,0.18050793,0
6232,0.059308343,0
6229,0.0098037375,0
5236,0.25300524,0
3339,0.78886396,0
3717,0.040911358,0
6738,0.58195317,0
2934,0.70714176,0
4693,0.16867687,0
1481,0.86717314,1
791,0.69151807,1
2715,0.47284192,0
115,0.5093322,1
4989,0.012584007,0
4481,0.91909814,0
6613,0.80817807,0
810,0.8348371,1
4482,0.047537178,0
6904,0.25495708,0
6761,0.016798945,0
3908,0.101036884,0
964,0.8979065,1
5513,0.55442685,0
4318,0.58385175,0
1314,0.859609,1
902,0.4080024,1
164,0.28140453,1
3712,0.898038,0
4979,0.0374427,0
6075,0.06862483,0
753,0.90658635,1
4155,0.11425862,0
3895,0.05937471,0
5399,0.05741375,0
7028,0.5749648,0
4073,0.024224984,0
4490,0.09926527,0
5021,0.6669394,0
1003,0.23441856,1
857,0.6292334,1
1995,0.12524201,0
3991,0.75260866,0
3010,0.049200937,0
1570,0.92120934,1
6572,0.6334367,0
4920,0.71444863,0
6938,0.1036251,0
6992,0.58768684,0
5860,0.19574134,0
5604,0.13652061,0
2568,0.2100471,0
5644,0.80097556,0
1028,0.9012874,1
4373,0.17032331,0
3828,0.6725149,0
988,0.8869607,1
5364,0.81268644,0
1674,0.59290177,1
5111,0.21815333,0
4025,0.1376355,0
5986,0.066336624,0
3151,0.19541353,0
2515,0.10245512,0
2393,0.13419978,0
1027,0.66181505,1
2823,0.113337405,0
3770,0.01897391,0
3924,0.6745769,0
3181,0.3604457,0
713,0.88662523,1
4862,0.36468884,0
3038,0.045001473,0
5959,0.24986972,0
3588,0.06817242,0
2171,0.04280371,0
803,0.85379124,1
1994,0.10706672,0
1011,0.29079914,1
961,0.6817631,1
4643,0.5986991,0
1778,0.5304847,1
4010,0.044136375,0
6819,0.5837166,0
5016,0.043812174,0
4415,0.0373221,0
6920,0.1772979,0
4655,0.06463198,0
3800,0.7142261,0
3256,0.37151915,0
4088,0.108442165,0
6416,0.05847454,0
4572,0.49606135,0
5441,0.51006776,0
2683,0.1282031,0
1510,0.90832347,1
3602,0.89066774,0
6019,0.10652142,0
655,0.8755828,1
5341,0.77992254,0
12,0.3063745,1
3329,0.060921267,0
2324,0.3644652,0
3562,0.17638451,0
6859,0.15487917,0
5512,0.03194618,0
2504,0.043883115,0
4614,0.30055702,0
29,0.2597245,1
5130,0.09205237,0
1212,0.87317127,1
926,0.736445,1
783,0.7979103,1
4747,0.6786413,0
5465,0.037028104,0
1016,0.83720005,1
2066,0.70198244,0
5466,0.027696718,0
6941,0.15882677,0
2012,0.061493177,0
6444,0.026259487,0
4313,0.58393615,0
3198,0.12174355,0
883,0.15753841,1
2987,0.5283061,0
5149,0.018935671,0
1286,0.6628413,1
4266,0.021316927,0
4083,0.09724264,0
574,0.8689268,1
6744,0.17691003,0
1073,0.24124295,1
6760,0.05328328,0
4607,0.027086783,0
4783,0.68771946,0
2542,0.12038978,0
1279,0.6460609,1
1967,0.5897871,0
977,0.71815026,1
4956,0.05693089,0
5723,0.5084108,0
4599,0.03328594,0
1390,0.30820972,1
4827,0.16434316,0
6648,0.10033887,0
3505,0.18080157,0
5862,0.583075,0
773,0.5065376,1
6012,0.68126553,0
6705,0.09879035,0
6600,0.02011851,0
4800,0.012840837,0
3265,0.32015696,0
5782,0.33248267,0
98,0.9205829,1
4254,0.38840657,0
1618,0.47611287,1
1340,0.45152897,1
2075,0.4698199,0
4767,0.50059247,0
5578,0.5478601,0
3764,0.09383319,0
1698,0.82030004,1
3679,0.8238884,0
1272,0.8530494,1
4380,0.06544389,0
5081,0.61235344,0
3177,0.2055486,0
3725,0.33520734,0
4780,0.61244947,0
2408,0.67214835,0
4341,0.8872162,0
303,0.48865458,1
5289,0.35981095,0
3123,0.5820897,0
3685,0.35603765,0
875,0.82030004,1
5666,0.03945618,0
533,0.7372827,1
2069,0.1145297,0
2763,0.8230535,0
3910,0.08391041,0
4683,0.6856067,0
3756,0.012518339,0
5646,0.15518312,0
5204,0.45415407,0
477,0.77571267,1
4604,0.057070713,0
2691,0.7781358,0
807,0.8210717,1
1549,0.35986823,1
6282,0.37336233,0
923,0.4168101,1
1213,0.9048966,1
5631,0.12306548,0
7027,0.7650552,0
1148,0.8071522,1
7002,0.036586355,0
5876,0.45339754,0
6725,0.53435546,0
6166,0.08115108,0
3474,0.32475045,0
3071,0.8218459,0
1161,0.80159974,1
5926,0.16701636,0
1555,0.30583122,1
7012,0.074992,0
489,0.75393367,1
4888,0.06592722,0
5838,0.50436616,0
6361,0.6001365,0
5266,0.59491074,0
3948,0.15739737,0
757,0.14455447,1
5376,0.2108748,0
4201,0.52625453,0
4147,0.01676288,0
2288,0.5707823,0
2394,0.6822412,0
6130,0.056440853,0
4130,0.72524107,0
4564,0.012150323,0
1538,0.9096533,1
2825,0.0912409,0
3734,0.04188243,0
6550,0.87317127,0
3532,0.039472956,0
4550,0.75281984,0
6419,0.42061198,0
1225,0.9005067,1
1198,0.83382946,1
1083,0.7859706,1
893,0.81832,1
589,0.17050928,1
6213,0.91480666,0
3688,0.014181904,0
1859,0.84280545,1
3504,0.044437002,0
4069,0.6625863,0
2253,0.7853993,0
1139,0.8526598,1
6980,0.30445802,0
418,0.85383326,1
3768,0.026711205,0
428,0.6953207,1
4059,0.22591838,0
6712,0.012227417,0
3930,0.10410856,0
1817,0.6680586,1
4426,0.64958715,0
6511,0.05832804,0
2392,0.041134447,0
5331,0.015811682,0
6033,0.40320504,0
4548,0.5664855,0
6011,0.8689268,0
6515,0.019473571,0
5635,0.49279496,0
4195,0.7796878,0
6976,0.44516408,0
3918,0.45672953,0
1164,0.82030004,1
1685,0.738061,1
6467,0.48598948,0
2154,0.3991531,0
3844,0.09465935,0
3939,0.066702425,0
5898,0.2618782,0
6302,0.057555195,0
1671,0.86980903,1
3187,0.45521247,0
4630,0.65401787,0
3593,0.2634232,0
5939,0.016445553,0
837,0.38790914,1
3997,0.8317528,0
3466,0.72150004,0
4845,0.90905446,0
1325,0.60518813,1
1086,0.54687566,1
5317,0.04955165,0
5687,0.48332033,0
4602,0.6814737,0
3929,0.70961905,0
6989,0.4008829,0
3799,0.1143323,0
5936,0.18017851,0
1169,0.70490026,1
2514,0.024189774,0
1130,0.7860566,1
4677,0.045506623,0
3628,0.11536964,0
4741,0.74094695,0
4371,0.039366137,0
3950,0.54039025,0
4738,0.019080235,0
2591,0.28812766,0
2951,0.2118299,0
2643,0.17772219,0
5242,0.12547676,0
2991,0.55817497,0
825,0.5897871,1
6605,0.017516268,0
5193,0.06893406,0
3369,0.69439065,0
5260,0.33229867,0
1235,0.5936088,1
3023,0.09767131,0
5088,0.10126477,0
3866,0.75393367,0
2059,0.38710102,0
5430,0.30548686,0
5194,0.060233586,0
4993,0.07314314,0
4586,0.21934544,0
3907,0.5310314,0
362,0.90001696,1
2860,0.5453058,0
6413,0.0444138,0
3314,0.08668749,0
2929,0.50397223,0
2950,0.3646037,0
1845,0.7890943,1
3675,0.092489354,0
3494,0.3594883,0
6369,0.015353328,0
2853,0.16096479,0
638,0.5288085,1
6565,0.13809812,0
2260,0.028092977,0
6167,0.8689268,0
981,0.4440303,1
4408,0.03801167,0
6151,0.025269084,0
6846,0.026850991,0
4923,0.75650984,0
4049,0.13594608,0
5812,0.010889223,0
354,0.83000845,1
5217,0.02180201,0
238,0.8012048,1
6604,0.011755503,0
4938,0.009050084,0
1517,0.7075724,1
2485,0.110876344,0
5448,0.39820036,0
1546,0.7491962,1
6123,0.52796775,0
1170,0.85522634,1
6845,0.67856544,0
3253,0.09764874,0
1903,0.07723424,0
3517,0.3320053,0
3671,0.28289858,0
4442,0.49708197,0
4760,0.79429394,0
6876,0.5940135,0
6800,0.053140227,0
5469,0.16340801,0
2747,0.28077284,0
1262,0.6630622,1
5856,0.02103847,0
5120,0.100814715,0
5199,0.10318354,0
4232,0.8285598,0
1534,0.9135426,1
5105,0.6570072,0
2741,0.74316967,0
6763,0.044771582,0
2431,0.115562096,0
1868,0.87848175,1
5039,0.12795264,0
886,0.9425581,1
2720,0.44058472,0
5570,0.85108596,0
1356,0.77313495,1
4514,0.17899127,0
6555,0.3130757,0
4393,0.014123669,0
5720,0.58739567,0
4765,0.05093577,0
1147,0.081707284,1
1468,0.26611766,1
601,0.70767707,1
5060,0.7981017,0
5254,0.01828152,0
4637,0.662189,0
2281,0.01365069,0
5883,0.7654025,0
3024,0.64500135,0
4029,0.24553216,0
1203,0.924404,1
3813,0.06937755,0
3145,0.08105978,0
5153,0.75393367,0
3144,0.5085149,0
6391,0.021607136,0
2336,0.38802648,0
652,0.9158618,1
571,0.856396,1
808,0.90956885,1
4757,0.698004,0
1732,0.7543704,1
5010,0.08111605,0
5055,0.10429885,0
5599,0.8465194,0
2033,0.045997668,0
4255,0.06828177,0
2071,0.74464774,0
18,0.659492,1
2206,0.14088362,0
5446,0.031188235,0
6713,0.02089097,0
4231,0.15374835,0
3934,0.5770842,0
129,0.880818,1
5852,0.016611412,0
778,0.660408,1
2592,0.039393455,0
797,0.6428396,1
1827,0.9283082,1
725,0.74618673,1
5046,0.591484,0
1260,0.22495525,1
3112,0.053676054,0
6094,0.016129095,0
5097,0.02420691,0
1767,0.22004749,1
162,0.78893715,1
3886,0.5299247,0
1268,0.69140935,1
6343,0.7303264,0
555,0.7501899,1
1357,0.7320985,1
6925,0.7775537,0
5313,0.016650653,0
3722,0.023947874,0
1405,0.7396726,1
6417,0.008178556,0
71,0.7807837,1
1774,0.81054187,1
365,0.7835225,1
1424,0.7220805,1
4878,0.3738389,0
2030,0.114551,0
367,0.7700416,1
1681,0.93051714,1
5759,0.013785974,0
4825,0.16673179,0
3555,0.05855381,0
3121,0.11087485,0
2058,0.39691928,0
6590,0.084821016,0
5948,0.78450423,0
6493,0.8057368,0
1216,0.66797566,1
6047,0.23062538,0
684,0.9321379,1
4106,0.16149266,0
2002,0.25371915,0
297,0.8280681,1
3925,0.3911914,0
5367,0.1128288,0
383,0.58739567,1
2914,0.75099164,0
1999,0.18952861,0
6193,0.17280307,0
3397,0.07232789,0
193,0.6843365,1
6546,0.57388073,0
282,0.9123705,1
6057,0.27405456,0
5245,0.6965385,0
4312,0.71482456,0
2897,0.5713571,0
2835,0.43890193,0
5716,0.013416939,0
5315,0.18150173,0
6615,0.21621434,0
145,0.89374346,1
2346,0.3612625,0
2881,0.039960913,0
460,0.66450083,1
4437,0.46864238,0
6768,0.13849388,0
3442,0.22761849,0
2768,0.0118225375,0
1307,0.50094044,1
6249,0.42374295,0
3851,0.48465857,0
3556,0.77571267,0
3839,0.36675647,0
6780,0.020316767,0
462,0.83768475,1
3916,0.27650625,0
4131,0.82030004,0
4425,0.09363414,0
2582,0.8327509,0
257,0.73798317,1
422,0.76664805,1
5320,0.042604107,0
2357,0.013688596,0
4434,0.70098776,0
1818,0.9370419,1
3364,0.89542705,0
277,0.73163193,1
770,0.786813,1
5588,0.78655386,0
5371,0.10699668,0
6720,0.075362496,0
2819,0.012075393,0
1310,0.76618797,1
5890,0.07986286,0
5309,0.5361345,0
5183,0.59485936,0
33,0.745126,1
5632,0.040157996,0
6630,0.6528413,0
691,0.78263867,1
2094,0.09707403,0
3565,0.030352939,0
5025,0.013369407,0
5514,0.13114983,0
6357,0.33949676,0
6383,0.3707413,0
2828,0.6491228,0
6945,0.014332207,0
3160,0.10535998,0
3035,0.39400658,0
1532,0.3528363,1
3663,0.10808778,0
6537,0.72613114,0
1599,0.7695005,1
2764,0.34240603,0
456,0.8979065,1
4462,0.2432784,0
440,0.67075896,1
6178,0.5986991,0
6103,0.056185853,0
1609,0.8285598,1
4926,0.1868764,0
641,0.9176731,1
2110,0.074674964,0
6671,0.15307581,0
4466,0.10957719,0
6646,0.51111543,0
2244,0.0777951,0
2696,0.09115861,0
6055,0.30075473,0
490,0.82891357,1
5976,0.10251473,0
3450,0.7804071,0
380,0.8138568,1
5225,0.7226076,0
5794,0.14691485,0
3217,0.009798179,0
1657,0.85383326,1
3398,0.1737865,0
949,0.36841768,1
140,0.6336243,1
6403,0.24421576,0
6995,0.4809704,0
5556,0.5466256,0
3514,0.115245886,0
1935,0.05813858,0
3183,0.36737135,0
170,0.55649495,1
4730,0.86717314,0
570,0.8127699,1
6054,0.13196936,0
11,0.6013285,1
453,0.8984796,1
5040,0.014661672,0
2111,0.7425223,0
227,0.748037,1
6969,0.24992234,0
2931,0.7056998,0
2335,0.44867226,0
5753,0.16225013,0
3488,0.0147201605,0
5638,0.8503633,0
2732,0.6320782,0
717,0.7610608,1
4124,0.01406362,0
3353,0.033162292,0
6181,0.075766824,0
2257,0.10797064,0
6692,0.3083725,0
2597,0.18727036,0
1872,0.31339666,0
5170,0.095182665,0
582,0.671655,1
3994,0.058623727,0
4193,0.3186809,0
6394,0.460265,0
6364,0.6104065,0
925,0.73180246,1
3697,0.19278835,0
2694,0.14500031,0
3347,0.09394232,0
1850,0.47332102,1
3703,0.01372356,0
502,0.82111484,1
4559,0.017218247,0
750,0.75099164,1
6667,0.33286303,0
3472,0.13178013,0
5258,0.24293177,0
2507,0.41541812,0
1485,0.80152166,1
6354,0.008761533,0
5471,0.26275387,0
2477,0.24639904,0
1527,0.6627701,1
5506,0.47626328,0
144,0.82685006,1
374,0.8280832,1
2946,0.114551,0
5345,0.03316167,0
3008,0.52608925,0
452,0.8395601,1
1422,0.7940616,1
4948,0.015614195,0
4788,0.014226223,0
3917,0.014473656,0
6195,0.2360276,0
3211,0.038950786,0
5641,0.09617319,0
1311,0.8275076,1
43,0.52129006,1
4816,0.03914786,0
2586,0.1787995,0
2692,0.10679062,0
3029,0.05028145,0
918,0.78232443,1
3508,0.1519839,0
6620,0.5350618,0
2567,0.9042776,0
5141,0.08726419,0
5059,0.52427316,0
4351,0.061398078,0
5243,0.4979906,0
2820,0.38400504,0
147,0.51894397,1
121,0.42347303,1
1924,0.46356085,0
3409,0.6344228,0
4770,0.47764838,0
1497,0.8979065,1
6505,0.015116573,0
5330,0.33609962,0
5402,0.6664242,0
6862,0.030378144,0
4420,0.21930744,0
2248,0.37234566,0
1745,0.804104,1
149,0.66267693,1
4701,0.10367542,0
6890,0.058943547,0
972,0.6835099,1
1454,0.61282736,1
16,0.5774982,1
5091,0.110390216,0
5005,0.0903755,0
3074,0.5380993,0
3721,0.019470898,0
4432,0.3218348,0
389,0.4948186,1
2644,0.18338661,0
4651,0.37475368,0
980,0.71962905,1
6728,0.027527008,0
6460,0.76927966,0
4718,0.5830972,0
2118,0.10197303,0
758,0.90543467,1
6587,0.019270921,0
6576,0.6336769,0
4986,0.82191664,0
3148,0.44058472,0
5612,0.018560791,0
375,0.8589241,1
5386,0.10176695,0
1985,0.112782314,0
5343,0.016182141,0
4598,0.016038138,0
5660,0.035657164,0
5150,0.014072218,0
4708,0.28358504,0
5381,0.05862421,0
6000,0.008666018,0
